cityid,city,pop_ext,ksh_code
31353,"Aba",4619,1737
16547,"Abadszalok",3922,1244
60960,"Abaliget",586,1254
21942,"Abasar",2498,2455
36761,"Abaujszanto",3088,359
98365,"Abaujszolnok",191,2633
112963,"Abaujvar",206,227
26551,"Abda",3201,1188
112566,"Abod",229,1035
8742,"Abony",14876,2787
19544,"Abrahamhegy",445,456
23754,"Acs",6965,442
69785,"Acsa",1443,1857
97571,"Acsad",672,721
88163,"Acsalag",452,3338
71375,"Acsteszer",666,1813
65361,"Adacs",2690,2324
76364,"Adand",2199,608
77963,"Adasztevel",771,730
16548,"Adony",3912,892
84773,"Adorjanhaza",338,3130
103364,"Adorjas",181,686
70761,"Agasegyhaza",2018,1768
60558,"Agfalva",2178,488
69799,"Aggtelek",535,936
44356,"Agyagosszergeny",882,2940
16751,"Ajak",3528,877
2743,"Ajka",29058,667
82767,"Aka",278,668
20744,"Akaszto",3230,2194
69780,"Alacska",748,3309
51963,"Alap",1925,2682
62159,"Alattyan",2101,2526
6746,"Albertirsa",12410,3165
33754,"Alcsutdoboz",1446,1517
94363,"Aldebro",649,634
21543,"Algyo",5251,3424
80765,"Almamellek",428,1332
15145,"Almasfuzito",2174,3234
80167,"Almashaza",69,2338
69965,"Almaskamaras",835,2959
76384,"Almosd",1555,2764
136763,"Alsodobsza",319,1966
29559,"Alsomocsolad",329,1738
77964,"Alsonana",689,2966
19750,"Alsonemedi",5206,2319
87966,"Alsonemesapati",722,1951
85161,"Alsonyek",751,1156
36557,"Alsoors",1474,3052
42756,"Alsopahok",1293,3208
83962,"Alsopeteny",666,1642
90767,"Alsorajk",347,1882
100368,"Alsoregmec",196,2322
71377,"Alsoszentivan",608,2528
86192,"Alsoszuha",479,2883
85776,"Alsotold",243,762
99163,"Alsoujlak",584,2272
73958,"Alsovadasz",1562,2981
17344,"Alsozsolca",5937,2103
70178,"Ambrozfalva",486,1619
69390,"Anarcs",1912,2997
51764,"Andocs",1094,2871
71188,"Andornaktalya",2740,1798
45357,"Annavolgy",935,3422
77767,"Apacatorna",163,2837
70190,"Apagy",2199,2030
45556,"Apaj",1205,3356
70366,"Aparhant",1006,2612
30553,"Apatfalva",2941,1425
94566,"Apatistvanfalva",358,887
32151,"Apc",2552,724
69374,"Aporka",1182,1010
24751,"Apostag",1948,2114
77162,"Aranyosapati",1979,935
120166,"Aranyosgadany",321,688
56358,"Arlo",3686,1433
29551,"Arnot",2544,377
72567,"Arokto",1051,382
93571,"Arpadhalom",488,1906
113363,"Arpas",245,3224
63360,"Artand",502,331
23354,"Asotthalom",3986,1033
69385,"Asvanyraro",1858,2692
71158,"Aszalo",1879,423
9144,"Aszod",6414,1618
72566,"Aszofo",401,733
130565,"Ata",168,2858
81565,"Atany",1351,650
69818,"Atkar",1695,1609
72170,"Attala",830,3273
57359,"Babarc",729,540
76163,"Babocsa",1532,3047
15943,"Babolna",3654,1936
93173,"Babonymegyer",809,2831
95165,"Babosdobrete",498,2126
80163,"Babot",1097,1504
11144,"Bacsalmas",6697,1071
18544,"Bacsbokod",2619,1018
33957,"Bacsborsod",1196,2723
19946,"Badacsonytomaj",2080,2232
78966,"Badacsonytordemic",820,326
14747,"Bag",3883,913
69981,"Bagamer",2478,2001
69835,"Bagod",1329,3036
34556,"Bagyogszovat",1284,2876
20548,"Baj",2870,2921
1822,"Baja",37330,352
80170,"Bajansenye",455,1702
32956,"Bajna",1896,1674
20942,"Bajot",1557,2935
40757,"Bak",1665,473
66759,"Bakonszeg",1160,1516
97168,"Bakonya",379,829
40760,"Bakonybank",424,2424
49358,"Bakonybel",1193,2374
38961,"Bakonycsernye",3097,873
75980,"Bakonygyirot",148,2893
72959,"Bakonyjako",613,2951
95763,"Bakonykoppany",191,728
48756,"Bakonykuti",134,2315
71184,"Bakonynana",1047,2599
90963,"Bakonyoszlop",507,3041
72568,"Bakonypeterd",279,2206
97169,"Bakonysag",46,2990
71380,"Bakonysarkany",941,2522
69980,"Bakonyszentkiraly",804,2281
38356,"Bakonyszentlaszlo",1703,594
29556,"Bakonyszombathely",1421,2238
107966,"Bakonyszucs",319,2641
107163,"Bakonytamasi",591,2412
70170,"Baks",1963,2910
80162,"Baksa",769,397
96167,"Baktakek",718,1818
28152,"Baktaloranthaza",4302,232
100566,"Baktuttos",327,1509
1922,"Balassagyarmat",16133,1365
29951,"Balastya",3423,2367
85764,"Balaton",1038,1152
31152,"Balatonakali",627,2530
5345,"Balatonalmadi",9167,583
32552,"Balatonbereny",1156,2737
7942,"Balatonboglar",5932,3385
121563,"Balatoncsicso",218,307
69854,"Balatonederics",1013,1223
61958,"Balatonendred",1339,1946
19542,"Balatonfenyves",1844,2072
61158,"Balatonfokajar",1332,2946
10744,"Balatonfoldvar",2064,711
2944,"Balatonfured",13532,2117
13744,"Balatonfuzfo",4299,221
38160,"Balatongyorok",1113,1700
20543,"Balatonkenese",3195,514
69775,"Balatonkeresztur",1450,737
8342,"Balatonlelle",4735,3386
86174,"Balatonmagyarod",480,2646
22142,"Balatonmariafurdo",657,1456
71192,"Balatonoszod",508,1191
88964,"Balatonrendes",119,3384
37556,"Balatonszabadi",2956,1660
16947,"Balatonszarszo",1885,2490
11347,"Balatonszemes",1773,2282
46757,"Balatonszentgyorgy",1564,2132
80761,"Balatonszepezd",409,1715
69770,"Balatonszolos",628,2850
61558,"Balatonudvari",314,1556
116363,"Balatonujlak",521,1647
20743,"Balatonvilagos",1179,355
109566,"Balinka",945,3110
19347,"Balkany",6215,2695
68158,"Balloszog",3418,1340
14342,"Balmazujvaros",17354,291
71166,"Balogunyom",1190,510
70182,"Balotaszallas",1497,2593
86971,"Balsa",841,1596
84762,"Balvanyos",529,2445
58159,"Bana",1589,3142
52158,"Band",673,1417
69762,"Banhorvati",1335,2515
22946,"Bank",662,2434
74364,"Banokszentgyorgy",642,843
76183,"Banreve",1271,2195
65358,"Bar",534,2437
85366,"Barabas",746,2648
24553,"Baracs",3484,704
64558,"Baracska",2766,858
46158,"Barand",2530,2669
129564,"Baranyajeno",489,2474
71760,"Barbacs",716,619
6744,"Barcs",11378,3279
87762,"Bardudvarnok",1202,373
71172,"Barna",1053,2004
106564,"Barnag",116,1577
69779,"Barsonyos",738,862
28751,"Bata",1692,1171
107768,"Bataapati",396,2890
10345,"Bataszek",6388,886
63959,"Bate",832,3233
49356,"Batmonostor",1504,365
14746,"Batonyterenye",12604,3353
71379,"Bator",407,2402
89363,"Batorliget",643,299
15146,"Battonya",5565,1810
47556,"Batya",2023,1196
70201,"Batyk",393,2486
70194,"Bazakerettye",826,1869
116963,"Bazsi",388,742
93164,"Beb",254,2290
51964,"Becsehely",2066,2314
93764,"Becske",518,1201
59560,"Becsvolgye",768,1836
115764,"Bedo",252,3344
77965,"Bejcgyertyanos",453,1038
110564,"Bekas",231,2705
34364,"Bekecs",2391,692
8947,"Bekes",19763,976
392,"Bekescsaba",63752,1520
69841,"Bekessamson",2318,2618
17542,"Bekesszentandras",3765,268
93765,"Bekolce",637,440
36556,"Belapatfalva",2996,3326
79961,"Belavar",342,691
19743,"Beled",2553,1058
84771,"Beleg",597,1712
87162,"Belezna",785,916
90364,"Belmegyer",981,1939
27555,"Beloiannisz",1100,846
103963,"Belvardgyula",402,1900
46557,"Benye",1221,2509
122763,"Ber",377,3291
97566,"Berbaltavar",493,3212
70561,"Bercel",2111,238
50556,"Beregdaroc",735,2824
93564,"Beregsurany",644,2067
115365,"Berekboszormeny",1749,1846
21742,"Berekfurdo",1010,3400
30551,"Beremend",2594,3192
74158,"Berente",1117,3429
11543,"Berettyoujfalu",15167,1278
24551,"Berhida",5967,3312
70191,"Berkenye",637,903
83763,"Berkesd",864,1646
70180,"Berkesz",908,747
55958,"Bernecebarati",848,1877
73763,"Berzek",1145,2635
69970,"Berzence",2502,3011
97764,"Besenyod",642,1363
72173,"Besenyotelek",2569,2751
31551,"Besenyszog",3372,1130
30155,"Besnyo",1779,1634
95168,"Beszterec",980,2122
69783,"Bezenye",1393,2980
79361,"Bezi",510,1056
3943,"Biatorbagy",12805,889
73163,"Bicserd",1008,1331
4543,"Bicske",11642,1048
121764,"Bihardancshaza",180,2525
26352,"Biharkeresztes",3888,1995
28554,"Biharnagybajom",2731,2482
44558,"Bihartorda",897,2988
34561,"Biharugra",839,2961
92963,"Bikacs",433,1197
66161,"Bikal",743,489
100364,"Biri",1376,294
90768,"Birjan",510,513
87566,"Bisse",228,2492
83568,"Bo",640,547
69773,"Boba",807,2920
85970,"Bocfolde",1138,1754
43156,"Boconad",1248,2235
38557,"Bocs",2754,530
78161,"Bocsa",1830,830
70358,"Bocskaikert",2946,3410
91563,"Boda",436,2089
16543,"Bodajk",4051,1825
76367,"Bodony",714,1493
85777,"Bodroghalom",1303,2373
70387,"Bodrogkeresztur",1107,3078
70172,"Bodrogkisfalud",836,3380
61959,"Bodrogolaszi",882,1440
76363,"Bodvarako",94,3330
69562,"Bodvaszilas",1005,592
50559,"Bogacs",2024,2519
70208,"Bogad",1094,3215
113165,"Bogadmindszent",431,2189
114964,"Bogdasa",276,1069
85791,"Bogot",382,1165
80164,"Bogote",287,729
51962,"Bogyiszlo",2193,342
69848,"Bogyoszlo",598,436
42958,"Bohonye",2353,2653
124963,"Bojt",489,1413
50558,"Bokod",2096,731
34559,"Bokony",3168,1129
125165,"Bokor",110,384
50561,"Bolcske",2825,655
56160,"Boldog",2975,345
122769,"Boldogasszonyfa",426,1311
72168,"Boldogkovaralja",1084,1447
39960,"Boldva",2331,839
100567,"Bolhas",407,1399
77766,"Bolho",720,1812
12546,"Boly",3996,3315
80171,"Boncodfolde",348,1078
65158,"Bony",2153,3395
4742,"Bonyhad",13741,649
123363,"Bonyhadvarasd",402,1481
34363,"Borcs",1290,661
19744,"Bordany",3262,819
70960,"Borjad",388,672
68758,"Borota",1294,1932
69827,"Borsfa",710,1005
79977,"Borsodbota",857,3066
72565,"Borsodgeszt",246,1612
85971,"Borsodivanka",739,670
33154,"Borsodnadasd",3007,531
69392,"Borsodszentgyorgy",1135,3020
70970,"Borsodszirak",1199,1679
69370,"Borsosbereny",1001,989
96964,"Borzavar",712,3025
69582,"Bosarkany",2111,1550
81967,"Boszenfa",568,2627
90964,"Botpalad",580,2223
43756,"Bozsok",328,502
119563,"Bozsva",183,3100
109168,"Bozzai",316,639
67559,"Bucsa",2055,1347
122963,"Bucsu",586,3298
123563,"Bucsuszentlaszlo",819,2061
86969,"Bucsuta",227,798
11146,"Budajeno",1877,340
1942,"Budakalasz",10510,2346
1722,"Budakeszi",14507,1205
1762,"Budaors",29605,2327
379,"Budapest",1740041,1357
60562,"Bugac",2809,3282
127165,"Bugacpusztahaza",297,3363
14542,"Bugyi",5418,3202
83563,"Buj",2206,1970
55959,"Bujak",2091,1423
15945,"Buk",3493,243
26151,"Bukkabrany",1558,1359
87964,"Bukkaranyos",1467,2789
104963,"Bukkmogyorosd",119,1940
86565,"Bukkosd",1099,2316
67561,"Bukkszek",681,296
71187,"Bukkszenterzsebet",1040,1062
44357,"Bukkszentkereszt",1212,802
134766,"Bukkszentmarton",305,2209
85761,"Bukkzserc",950,3288
65359,"Buzsak",1434,1735
88168,"Cak",301,827
17145,"Cece",2499,1315
85768,"Cegenydanyad",668,968
2062,"Cegled",37778,1134
11743,"Cegledbercel",4407,2064
5742,"Celldomolk",10786,2709
34359,"Cered",1060,366
22742,"Cibakhaza",4327,2293
62958,"Cigand",2682,393
69378,"Ciko",821,1928
76377,"Cirak",568,1595
69796,"Csabacsud",1800,3133
84764,"Csabaszabadi",335,3407
52159,"Csabdi",1168,3054
28154,"Csabrendek",2969,3092
121569,"Csaholc",521,1292
72194,"Csajag",801,1607
34557,"Csakanydoroszlo",1730,391
35557,"Csakbereny",1182,536
14543,"Csakvar",5221,2000
107770,"Csanadalberti",434,212
69399,"Csanadapaca",2617,2045
39958,"Csanadpalota",2968,537
93565,"Csanig",372,2677
36157,"Csany",2204,1684
70360,"Csanyoszro",668,1990
84962,"Csanytelek",2755,2229
81968,"Csapod",523,856
74163,"Csardaszallas",442,2550
51160,"Csaszar",1750,1641
17148,"Csaszartoltes",2323,1047
97968,"Csaszlo",367,971
71759,"Csatalja",1468,2647
96169,"Csatar",561,2343
79363,"Csatka",232,3310
34560,"Csavoly",1806,1637
76189,"Csecse",896,3027
124365,"Csegold",592,2610
93568,"Csehbanya",273,2025
122563,"Csehi",245,1948
92975,"Csehimindszent",336,1272
86166,"Csem",447,3364
40556,"Csemo",4283,518
69361,"Csengele",1967,3228
35556,"Csenger",4730,3064
71971,"Csengersima",692,2409
72162,"Csengerujfalu",777,2685
37357,"Csengod",2020,1234
69824,"Csenye",724,907
68558,"Csepa",1535,1317
23351,"Csepreg",3384,1214
85963,"Cserepfalu",1002,697
91766,"Cserepvaralja",427,2557
90762,"Cserhathalap",344,2193
70209,"Cserhatsurany",839,2259
130363,"Cserhatszentivan",139,3231
41956,"Cserkeszolo",2090,579
70204,"Cserkut",567,389
73360,"Csernely",806,2845
72758,"Cserszegtomaj",2797,713
87364,"Cserto",403,1385
70174,"Csesznek",515,2464
69580,"Csesztreg",790,258
128563,"Csesztve",305,2014
69386,"Cseteny",1880,3169
53558,"Csevharaszt",1941,1847
91765,"Csibrak",326,1199
42757,"Csikeria",889,1569
83765,"Csikostottos",873,3009
72760,"Csikvand",454,1350
76376,"Csincse",562,3411
81961,"Csipkerek",322,2606
90562,"Csobad",692,533
69846,"Csobaj",702,2077
12343,"Csobanka",3165,682
97964,"Csogle",621,3281
59362,"Csokako",1311,2190
56359,"Csokmo",1756,1245
124363,"Csokoly",1144,2431
71761,"Csokonyavisonta",1605,597
54761,"Csokvaomany",843,1428
14752,"Csolnok",3253,1892
55160,"Csolyospalos",1658,1202
19547,"Csomad",1579,3311
116365,"Csombard",287,247
115565,"Csomend",286,2727
127766,"Csomoder",580,2936
6143,"Csomor",9227,2280
80562,"Csonge",362,2239
6543,"Csongrad",16846,511
76390,"Csonkahegyhat",355,3114
86366,"Csonkamindszent",177,2257
11545,"Csopak",1648,218
30354,"Csor",1832,977
9952,"Csorna",10649,403
76389,"Csornyefold",462,3397
90765,"Csorotnek",843,422
19943,"Csorvas",4981,2670
71570,"Csosz",1044,673
64559,"Csot",968,3287
69967,"Csovar",656,2698
12545,"Csurgo",5186,2131
4143,"Dabas",16813,924
87363,"Dabronc",406,1717
131363,"Dabrony",345,2823
69384,"Dad",1012,3316
29553,"Dag",938,2291
104763,"Daka",643,2015
93167,"Dalmand",1264,2923
38359,"Danszentmiklos",2996,3181
14344,"Dany",4524,1839
37356,"Darany",905,3135
74161,"Darnozseli",1566,2186
86194,"Darvas",527,1467
39156,"Davod",1926,1053
380,"Debrecen",207594,1513
20545,"Decs",4049,2498
71573,"Dedestapolcsany",1426,468
48556,"Deg",2047,3275
52758,"Dejtar",1396,1251
68559,"Delegyhaza",3575,997
27952,"Demecser",4280,1775
81561,"Demjen",590,866
104365,"Dencshaza",591,777
85980,"Denesfa",363,3259
17147,"Derecske",8906,557
34957,"Derekegyhaz",1595,783
19745,"Deszk",3644,2407
92966,"Detek",267,1052
95565,"Detk",1158,920
14757,"Devavanya",7622,2481
19753,"Devecser",4325,3227
84562,"Diosbereny",353,1168
5142,"Diosd",9522,2401
15342,"Diosjeno",2784,674
93566,"Dioskal",474,2877
105963,"Diosviszlo",702,3237
71360,"Doba",512,1087
39162,"Doboz",4167,3319
110963,"Dobri",154,2588
75961,"Dobrokoz",1939,256
78568,"Dobronhegy",137,3270
115967,"Dobronte",262,2947
110766,"Doc",765,3053
41557,"Doge",2103,364
70385,"Domahaza",816,2569
24552,"Domaszek",4974,1338
70762,"Dombegyhaz",1943,2403
76962,"Dombiratos",526,2213
2102,"Dombovar",19494,768
16754,"Dombrad",3900,1450
59561,"Domony",2187,480
50357,"Domos",1157,659
70171,"Domoszlo",1988,751
12342,"Domsod",5690,2964
43356,"Dor",693,2191
51359,"Dorgicse",249,636
129565,"Dormand",1040,3026
5342,"Dorog",11996,1049
71970,"Doroghaza",1071,2443
113163,"Doveny",283,612
82163,"Dravacsehi",214,2861
77765,"Dravaszabolcs",703,2860
85782,"Dravasztara",398,2169
127363,"Dravatamasi",387,1588
69158,"Dregelypalank",1493,815
38161,"Dubicsany",285,2766
67558,"Dudar",1534,293
76187,"Duka",218,292
43757,"Dunaalmas",1633,3383
9950,"Dunabogdany",3255,2536
16750,"Dunaegyhaza",1504,2106
53561,"Dunafalva",818,1256
3945,"Dunafoldvar",8666,3150
2105,"Dunaharaszti",20260,958
1882,"Dunakeszi",40334,1861
26953,"Dunakiliti",1857,2773
23355,"Dunapataj",3169,786
84971,"Dunaremete",241,207
17152,"Dunaszeg",2006,2107
64560,"Dunaszekcso",1932,918
19752,"Dunaszentgyorgy",2520,953
98565,"Dunaszentmiklos",465,2410
70199,"Dunaszentpal",739,1587
66358,"Dunasziget",1437,1045
87967,"Dunatetetlen",530,1476
398,"Dunaujvaros",48010,311
11143,"Dunavarsany",7480,2053
17144,"Dunavecse",3937,761
16355,"Dusnok",2873,410
97166,"Duzs",267,1920
86195,"Ebergoc",157,2634
21744,"Ebes",4390,1461
35558,"Ecsed",3193,1718
69986,"Ecseg",1217,425
75986,"Ecsegfalva",1157,943
107767,"Ecseny",219,1086
6343,"Ecser",3714,2451
14760,"Edeleny",10019,1072
85762,"Edve",106,2244
396,"Eger",56166,2049
23952,"Egerag",970,2891
85786,"Egeralja",234,3387
120964,"Egeraracsa",300,2426
97564,"Egerbakta",1434,1282
76386,"Egerbocs",531,2601
70202,"Egercsehi",1377,1661
75976,"Egerfarmos",675,298
69837,"Egerlovo",534,586
34558,"Egerszalok",1886,2475
69787,"Egerszolat",1062,1364
21544,"Egervar",1006,3342
97963,"Egervolgy",327,2879
79163,"Egyed",517,2028
35156,"Egyek",4895,1574
71372,"Egyhazasdengeleg",467,1765
74964,"Egyhazasfalu",838,1523
69831,"Egyhazasgerge",718,598
85165,"Egyhazashetye",322,1023
121570,"Egyhazashollos",534,3042
93169,"Egyhazaskeszo",507,1044
82768,"Egyhazaskozar",792,2740
23353,"Elek",4816,609
121765,"Ellend",217,2035
30352,"Eloszallas",2186,467
22747,"Emod",4895,3304
10947,"Encs",6201,3232
69833,"Encsencs",1960,1503
70365,"Enese",1785,1852
113164,"Eperjeske",1149,2963
70559,"Epleny",523,2360
54758,"Epol",592,3098
9142,"Ercsi",7999,2532
395,"Erd",65277,2250
69971,"Erdobenye",1018,1348
79969,"Erdohorvati",545,2855
12742,"Erdokertes",7772,2265
92976,"Erdokovesd",640,2582
33958,"Erdokurt",545,1870
127966,"Erdosmarok",89,2179
112563,"Erdosmecske",368,2423
71178,"Erdotarcsa",492,2011
69563,"Erdotelek",3174,1085
109365,"Erk",881,1186
70169,"Erpatak",1673,3358
19749,"Ersekcsanad",2828,2158
62758,"Ersekhalma",638,1349
16945,"Ersekvadkert",3497,2546
70966,"Erzsebet",301,617
69826,"Esztar",1366,2513
117965,"Eszteregnye",679,666
1702,"Esztergom",30434,1537
70185,"Ete",554,231
69391,"Etes",1413,2325
9942,"Etyek",4402,1997
69820,"Fabianhaza",1617,2419
83961,"Fabiansebestyen",2020,1898
72759,"Facankert",633,323
22744,"Fadd",4317,1255
50959,"Fajsz",1658,3399
71574,"Fancsal",294,1025
38358,"Farad",1926,912
116763,"Farkasgyepu",405,1243
14756,"Farmos",3621,1664
70364,"Fedemes",309,1897
16348,"Fegyvernek",6415,695
13943,"Fehergyarmat",7861,3220
123163,"Feherto",448,454
48957,"Fehervarcsurgo",1971,3271
72962,"Feked",165,2993
65360,"Feketeerdo",563,2074
42359,"Felcsut",1831,2264
70964,"Feldebro",1021,3325
86563,"Felgyo",1281,1358
51360,"Felpec",847,974
87968,"Felsocsatar",502,2970
78569,"Felsodobsza",882,801
100565,"Felsogagy",170,3172
84763,"Felsojanosfa",183,2984
87167,"Felsokelecseny",364,1398
82961,"Felsomarac",261,1582
93567,"Felsomocsolad",423,3276
38360,"Felsonana",577,1791
76565,"Felsonyarad",980,2436
89962,"Felsonyek",1019,1164
69383,"Felsoors",1631,603
85765,"Felsopahok",640,2432
16556,"Felsopakony",3443,2147
39157,"Felsopeteny",628,295
85767,"Felsorajk",725,881
69977,"Felsoszentivan",1928,1632
36558,"Felsoszentmarton",881,3167
39161,"Felsotarkany",3358,2353
106363,"Felsotelekes",683,284
87963,"Felsovadasz",543,2241
16144,"Felsozsolca",6750,3067
29958,"Fenyeslitke",2350,1899
94365,"Fenyofo",107,988
40157,"Ferencszallas",615,948
9545,"Fertod",3461,1065
69807,"Fertoendred",589,1241
70203,"Fertohomok",638,1534
29558,"Fertorakos",2144,3144
14743,"Fertoszentmiklos",3891,1918
76361,"Fertoszeplak",1318,214
70200,"Fityehaz",651,921
71758,"Fokto",1606,325
32553,"Foldeak",3025,1793
19747,"Foldes",3998,1463
106763,"Fony",343,3302
8948,"Fonyod",4728,3048
28951,"Forraskut",2336,3261
52160,"Forro",2432,611
2942,"Fot",18968,1079
69973,"Fule",834,2215
112967,"Fulesd",446,3146
76388,"Fulop",1738,3362
91364,"Fulophaza",822,1405
91363,"Fulopjakab",1147,1699
56162,"Fulopszallas",2278,1710
62158,"Furta",1136,327
71181,"Fuzer",467,1225
11542,"Fuzesabony",7781,1653
16949,"Fuzesgyarmat",5665,1817
108369,"Fuzvolgy",143,1372
75963,"Gaborjan",876,951
76182,"Gacsaly",893,2830
57158,"Gadoros",3555,1299
72186,"Gagybator",226,2566
75981,"Galambok",1292,1329
75968,"Galgaguta",579,1950
34357,"Galgagyork",1046,2712
12943,"Galgaheviz",2495,658
41356,"Galgamacsa",1957,645
92971,"Galosfa",255,1274
60762,"Gamas",722,1575
27751,"Ganna",243,3184
94564,"Gant",847,1849
52358,"Gara",2457,1294
119964,"Garab",54,1090
73559,"Garabonc",716,1029
101763,"Garadna",432,756
9542,"Gardony",9927,3090
91163,"Gare",295,2638
86371,"Gasztony",439,580
76185,"Gater",966,362
29151,"Gavavencsello",3352,929
87567,"Geberjen",526,357
97567,"Gecse",396,567
70177,"Gederlak",983,2371
69832,"Gegeny",1918,461
76167,"Gelej",588,806
104363,"Gelenes",509,1208
17161,"Gellenhaza",1540,908
76366,"Gelse",1056,1300
118366,"Gelsesziget",280,2418
82361,"Gemzse",860,2615
80762,"Gencsapati",2869,1275
72564,"Gerce",1087,739
83762,"Gerde",520,285
69763,"Gerendas",1311,573
38158,"Geresdlak",771,1739
39160,"Gerjen",1199,1560
69369,"Geszt",754,2889
70193,"Gesztely",2798,1671
22543,"Gesztered",1634,2156
123164,"Gic",427,2364
81964,"Girincs",917,3255
2022,"God",18565,3323
1782,"Godollo",34172,1819
69974,"Godre",831,1313
77768,"Goganfa",751,944
86197,"Golop",523,1593
12543,"Gomba",2972,1864
69793,"Gonc",1951,206
118165,"Goncruszka",623,1115
22743,"Gonyu",3135,1656
90766,"Gor",307,3043
36156,"Gorbehaza",2402,963
30154,"Gorcsony",1663,3308
76173,"Gorcsonydoboka",387,1459
121766,"Gordisa",314,2977
88962,"Gorgeteg",1157,2672
126763,"Gosfa",340,2944
94963,"Graboc",180,209
81761,"Gulacs",795,2562
42556,"Gutorfolde",1021,2686
7542,"Gyal",23486,3096
37756,"Gyarmat",1204,2330
69853,"Gyekenyes",948,2867
31553,"Gyenesdias",3720,652
127571,"Gyepukajan",329,1831
21346,"Gyermely",1450,3345
86966,"Gyod",672,2040
10745,"Gyomaendrod",13674,2973
71370,"Gyomore",1254,523
5942,"Gyomro",16670,1194
1862,"Gyongyos",32385,1753
70162,"Gyongyosfalu",1083,1333
67560,"Gyongyoshalasz",2531,832
90363,"Gyongyosoroszi",1518,1912
30152,"Gyongyospata",2472,2808
51762,"Gyongyossolymos",2972,3028
25351,"Gyongyostarjan",2460,2558
11343,"Gyonk",2066,872
384,"Gyor",131564,2553
73762,"Gyorasszonyfa",494,506
71967,"Gyore",668,1232
122965,"Gyorgytarlo",563,1319
71176,"Gyorkony",938,2384
38756,"Gyorladamer",1623,2894
89765,"Gyoro",419,3131
96563,"Gyorocske",118,1930
49958,"Gyorsag",1478,1565
72166,"Gyorsovenyhaz",746,1012
40758,"Gyorszemere",3209,748
75761,"Gyortelek",1580,3178
14943,"Gyorujbarat",6233,972
27954,"Gyorujfalu",1575,1522
71165,"Gyorvar",606,2390
25352,"Gyorzamoly",2581,1955
127567,"Gyugy",275,503
85962,"Gyugye",234,767
2023,"Gyula",31679,3035
70384,"Gyulahaza",1869,952
72191,"Gyulaj",977,3377
79970,"Gyulakeszi",695,1591
70184,"Gyure",1200,1863
16749,"Gyuro",1254,1093
100164,"Hacs",384,1026
76369,"Hagyarosborond",305,2617
77763,"Hahot",1055,304
79161,"Hajdubagos",1972,1280
7343,"Hajduboszormeny",31306,1039
15546,"Hajdudorog",8888,2240
20142,"Hajduhadhaz",12458,3109
13544,"Hajdunanas",16975,517
23356,"Hajdusamson",13105,1747
4744,"Hajduszoboszlo",23309,1536
59562,"Hajduszovat",3038,1875
66160,"Hajmasker",3064,2679
15742,"Hajos",3134,969
20544,"Halaszi",2973,789
9145,"Halasztelek",9310,2794
71183,"Halimba",1097,1122
69397,"Halmaj",1853,2510
87965,"Hangacs",573,2342
71768,"Hangony",1480,1416
67758,"Hantos",910,764
80561,"Harc",901,835
34956,"Harka",1919,2152
59359,"Harkakotony",934,883
14343,"Harkany",4065,1270
69583,"Haromfa",756,584
122364,"Haromhuta",125,2556
91965,"Harsany",2014,1845
70377,"Harskut",653,2230
11346,"Harta",3275,1230
3142,"Hatvan",20259,1672
70207,"Hedervar",1195,242
129964,"Hedrehely",398,1790
107772,"Hegyesd",155,3218
16743,"Hegyeshalom",3479,1499
77761,"Hegyfalu",769,3021
75972,"Hegyhathodasz",155,1803
82766,"Hegyhatsal",135,1840
76563,"Hegyhatszentjakab",261,2580
28953,"Hegyko",1405,2102
75561,"Hegymagas",267,399
131563,"Hegyszentmarton",408,2218
63159,"Hehalom",952,665
107965,"Hejce",268,460
107769,"Hejobaba",1927,228
97570,"Hejokeresztur",948,1678
81973,"Hejokurt",315,1215
87165,"Hejopapi",1119,1719
97569,"Hejoszalonta",836,409
115970,"Helesfa",501,2939
39959,"Helvecia",4494,994
76186,"Hencida",1275,3355
86566,"Hencse",344,3013
16557,"Herceghalom",2135,1293
60758,"Hercegkut",624,2024
36956,"Hercegszanto",1879,1189
95564,"Hered",1976,532
27953,"Hereg",994,2365
77561,"Herencseny",616,1206
22951,"Herend",3339,984
92980,"Hermanszeg",243,2416
19755,"Hernad",4114,3120
70369,"Hernadkak",1632,1713
59558,"Hernadnemeti",3417,800
130364,"Hernadszentandras",452,992
70374,"Het",493,712
76383,"Hetes",1146,1452
75983,"Hetvehely",417,1024
9955,"Heves",10464,408
92981,"Hevesaranyos",582,381
80166,"Hevesvezekeny",611,1394
7145,"Heviz",4375,679
16356,"Hevizgyork",3105,1169
28354,"Hidas",2017,2075
69823,"Hidasnemeti",1062,2337
85163,"Hidegkut",445,2567
77566,"Hidegseg",383,2793
108564,"Hidvegardo",507,402
41957,"Himeshaza",1078,3393
83565,"Himod",595,1301
92764,"Hobol",985,831
69578,"Hodasz",3297,2605
2144,"Hodmezovasarhely",46522,3116
30355,"Hogyesz",2876,3324
38361,"Hollohaza",826,2781
52760,"Holloko",372,2487
116163,"Homokbodoge",670,2784
100366,"Homokkomarom",218,1915
84772,"Homokmegy",1326,2996
76177,"Homokszentgyorgy",1115,2123
83561,"Homorud",620,1320
70164,"Homrogd",956,414
72160,"Hont",510,411
32955,"Hort",3627,1688
30554,"Hortobagy",1487,3083
79162,"Horvatzsidany",772,626
16344,"Hosszuheteny",3486,2088
49359,"Hosszupalyi",5854,1120
69579,"Hosszupereszteg",613,2832
115163,"Hosszuvolgy",158,1002
87766,"Hotto",356,3329
114963,"Hovej",313,3306
70198,"Hunya",634,2563
127963,"Ibafa",237,1119
16745,"Ibrany",6842,1773
45961,"Igal",1308,2539
72560,"Igar",959,1961
89566,"Igrici",1219,2778
121568,"Iharos",451,1138
76562,"Iharosbereny",1182,330
52759,"Ikervar",1798,1392
18743,"Iklad",2093,2060
125764,"Iklodbordoce",297,965
36759,"Ikreny",1806,809
85964,"Ilk",1177,808
127770,"Imrehegy",694,3210
73162,"Inancs",1242,2630
15545,"Inarcs",4429,2994
76387,"Inke",1251,2809
127569,"Ipacsfa",187,332
74359,"Ipolydamasd",356,497
110765,"Ipolytarnoc",460,2931
93172,"Ipolytolgyes",463,470
69801,"Ipolyvece",795,780
25354,"Iregszemcse",2569,797
9943,"Isaszeg",11397,1007
70971,"Ispank",104,3201
70195,"Istenmezeje",1525,2801
71358,"Iszkaszentgyorgy",2032,220
93570,"Iszkaz",311,1387
70379,"Isztimer",979,3163
19344,"Ivad",366,333
46156,"Ivan",1269,3168
107765,"Ivanbattyan",120,1346
81766,"Ivanc",707,334
17154,"Ivancsa",2899,2771
77568,"Ivandarda",255,2199
69362,"Izmeny",513,559
16752,"Izsak",5904,1395
69766,"Izsofalva",1739,1792
68759,"Jak",2591,1707
27552,"Jakabszallas",2631,784
124764,"Jand",773,946
53958,"Jankmajtis",1662,1167
12542,"Janoshalma",8937,2285
24753,"Janoshaza",2401,2922
21743,"Janoshida",2424,2665
14144,"Janossomorja",5912,1758
119564,"Jardanhaza",1792,1743
115364,"Jarmi",1232,2292
71168,"Jasd",728,3071
71769,"Jaszago",687,2220
55559,"Jaszalsoszentgyorgy",3432,2210
12744,"Jaszapati",8947,1820
11342,"Jaszarokszallas",7806,1581
2002,"Jaszbereny",26924,1797
36758,"Jaszboldoghaza",1585,2357
19343,"Jaszdozsa",2110,2333
23552,"Jaszfelsoszentgyorgy",1974,2408
14758,"Jaszfenyszaru",5621,2518
55158,"Jaszivany",405,1100
67961,"Jaszjakohalma",3049,2279
36756,"Jaszkarajeno",2662,2111
59358,"Jaszkiser",5165,1351
45956,"Jaszladany",5713,837
20947,"Jaszszentandras",2435,2313
33554,"Jaszszentlaszlo",2458,1314
71171,"Jasztelek",1627,1597
91763,"Jeke",709,664
51759,"Jeno",1329,871
74560,"Jobahaza",527,1568
42156,"Jobbagyi",2208,1727
75975,"Josvafo",235,230
69373,"Juta",1236,2296
29957,"Kaba",5932,3299
131163,"Kacorlak",208,2645
69784,"Kacs",509,1211
69776,"Kadarkut",2583,2134
52558,"Kajarpec",1242,1410
65159,"Kajaszo",1055,203
54358,"Kajdacs",1210,641
29557,"Kakasd",1603,3223
121567,"Kakics",227,3217
20342,"Kakucs",2737,2379
41157,"Kal",3501,2995
92965,"Kalazno",145,864
63559,"Kald",1030,3140
69962,"Kallo",1412,610
37158,"Kallosemjen",3590,2722
99765,"Kalmancsa",638,644
69587,"Kalmanhaza",1965,1668
2742,"Kalocsa",16959,464
48956,"Kaloz",2402,1914
110763,"Kam",401,427
76391,"Kamond",420,776
76561,"Kamut",991,267
115965,"Kano",163,527
81767,"Kantorjanosi",2116,1455
74967,"Kanya",403,1530
23751,"Kapolcs",396,2192
71774,"Kapolna",1575,3339
16946,"Kapolnasnyek",3610,909
85363,"Kapoly",674,1822
69850,"Kaposfo",1659,2329
41357,"Kaposmero",2395,1573
122768,"Kapospula",895,2047
69798,"Kaposszekcso",1538,1427
93171,"Kaposszerdahely",969,563
70392,"Kaposujlak",724,1896
391,"Kaposvar",67686,642
35956,"Kaptalanfa",827,2833
96766,"Kaptalantoti",420,535
8946,"Kapuvar",10353,593
112764,"Kara",55,526
60959,"Karacsond",3045,1091
18942,"Karad",1473,874
74965,"Karako",186,1862
91164,"Karakoszorcsok",291,2554
69782,"Karancsalja",1540,885
32551,"Karancsbereny",911,2104
53358,"Karancskeszi",1837,2689
38357,"Karancslapujto",2595,599
90367,"Karancssag",1192,492
112964,"Karasz",317,2121
7142,"Karcag",19980,2479
69767,"Karcsa",1734,1217
115964,"Kardos",608,1804
69772,"Kardoskut",885,3069
86164,"Karmacs",783,1746
14143,"Kartal",5888,3060
121963,"Kasad",299,841
69393,"Kaskantyu",926,2275
109165,"Kastelyosdombo",200,2662
69845,"Kaszaper",1963,1913
93366,"Katafa",371,1128
103365,"Katoly",290,2782
39556,"Katymar",2060,3206
53758,"Kava",614,2838
76566,"Kavas",245,669
80361,"Kazar",1930,1337
2145,"Kazincbarcika",28664,1978
67962,"Kazsmark",959,452
12549,"Kecel",8687,2668
30555,"Kecsked",1947,3290
386,"Kecskemet",114226,2843
62558,"Kehidakustany",1104,1435
59758,"Kek",1936,1526
71567,"Kekcse",1542,1680
116366,"Keked",171,2603
118764,"Kekesd",175,2757
120965,"Kekkut",95,1999
29554,"Kelebia",2583,2234
57958,"Kemecse",4736,2535
23951,"Kemence",985,1973
85778,"Kemendollar",510,1224
96164,"Kemeneshogyesz",492,1342
81972,"Kemenesmagasi",813,2448
93368,"Kemenesmihalyfa",488,2008
87563,"Kemenessomjen",577,1247
88363,"Kemenesszentmarton",205,1054
88167,"Kemenesszentpeter",632,1714
75985,"Kemes",471,257
20943,"Kenderes",4647,545
102363,"Kenez",268,741
47756,"Kenezlo",1229,993
72761,"Kengyel",3857,2659
69572,"Kenyeri",816,1438
125763,"Kercaszomor",196,2807
112763,"Kercseliget",351,3152
69972,"Kerecsend",2304,2253
121565,"Kerecseny",255,459
18542,"Kerekegyhaza",6300,1099
117963,"Kereki",544,3416
75969,"Kerekteleki",673,2948
11348,"Kerepes",10087,1511
86365,"Kerkabarabas",271,957
74162,"Kerkafalva",112,2565
98964,"Kerkaszentkiraly",242,1261
77569,"Kerta",592,3141
89164,"Kerteszsziget",379,2924
47956,"Keszeg",620,1842
97967,"Kesznyeten",1900,2957
2063,"Keszthely",20895,383
34360,"Kesztolc",2668,1184
33956,"Keszu",1284,346
71571,"Ketbodony",476,1117
28153,"Ketegyhaza",4007,1981
79962,"Kethely",2297,310
87765,"Ketpo",682,857
38157,"Ketsoprony",1428,2173
87772,"Ketujfalu",673,3157
71167,"Kety",694,1474
85763,"Kevermes",1937,234
66359,"Kimle",2195,3209
70375,"Kincsesbanya",1526,2055
73362,"Kirald",834,542
104366,"Kiralyegyhaza",915,793
122964,"Kiralyszentistvan",457,1263
86562,"Kisapati",352,1942
72159,"Kisapostag",1414,241
76370,"Kisar",1054,2724
77563,"Kisbabot",205,2288
69389,"Kisbagyon",440,2449
70963,"Kisbajcs",855,1733
85781,"Kisbarapati",412,781
11544,"Kisber",5282,2137
86569,"Kisbodak",354,1624
100964,"Kisbucsa",484,1118
85364,"Kiscsehi",169,1883
75163,"Kisder",127,1771
92974,"Kisdombegyhaz",457,3369
69560,"Kisdorog",735,981
70165,"Kisfalud",730,482
107363,"Kisgorbo",183,2284
34758,"Kisgyalan",194,683
60159,"Kisgyor",1648,2702
130964,"Kishajmas",204,3340
98563,"Kisharsany",550,2887
114965,"Kishartyan",584,1828
95567,"Kishuta",272,934
20944,"Kiskore",2653,1378
5543,"Kiskoros",14259,2029
84361,"Kiskorpad",928,3243
2143,"Kiskunfelegyhaza",29972,1081
2147,"Kiskunhalas",28427,2439
10343,"Kiskunlachaza",8988,2031
13942,"Kiskunmajsa",11766,2899
76374,"Kiskutas",172,2847
60761,"Kislang",2346,2161
69975,"Kisleta",1842,651
122163,"Kislippo",280,1547
71962,"Kismanyok",329,1250
81361,"Kismarja",1210,522
15143,"Kismaros",2151,3321
69571,"Kisnana",993,2985
75964,"Kisnemedi",717,2930
72193,"Kisnyarad",185,1114
50158,"Kisoroszi",956,1144
118368,"Kispalad",524,1470
94763,"Kisrakos",194,595
72165,"Kisrozvagy",121,3415
61159,"Kissikator",312,3102
72187,"Kissomlyo",230,1239
69396,"Kisszallas",2396,2524
108963,"Kisszekeres",547,251
4544,"Kistarcsa",11975,386
15142,"Kistelek",7020,1074
86564,"Kistokaj",2121,2591
122567,"Kistormas",331,250
84965,"Kistotfalu",324,926
6145,"Kisujszallas",11367,1267
89963,"Kisunyom",415,3118
3543,"Kisvarda",16473,2666
83761,"Kisvarsany",988,1548
97965,"Kisvejke",406,2815
61758,"Kiszombor",3772,975
105165,"Kiszsidany",89,825
108367,"Klarafalva",476,3277
100163,"Kobleny",227,2243
75962,"Kocs",2561,744
46157,"Kocser",1830,3136
87770,"Kocsola",1225,1745
63758,"Kocsord",2769,354
16552,"Koka",4431,1374
108365,"Kokad",619,1666
77773,"Kokeny",619,1046
127771,"Kokut",610,1789
39557,"Kolcse",1257,3018
49957,"Kolesd",1478,216
86363,"Kolked",1033,544
85773,"Kolontar",714,1061
16343,"Komadi",5172,2640
2343,"Komarom",19729,1453
129563,"Komjati",254,763
6743,"Komlo",25020,1655
69777,"Komlod",1191,2714
69765,"Komloska",237,2361
86972,"Komoro",1252,1380
81969,"Kompoc",698,2399
84961,"Kompolt",2098,3249
92978,"Kondo",607,1302
84775,"Kondorfa",530,1028
10945,"Kondoros",5201,1126
27151,"Kony",2613,2596
70968,"Konyar",2010,689
32957,"Kophaza",2096,2118
84761,"Koppanyszanto",310,2295
127768,"Korlat",295,1353
5542,"Kormend",11676,3055
23151,"Kornye",4461,2660
93170,"Korom",1388,2463
63158,"Koronco",2031,811
101965,"Koros",222,1551
71367,"Koroshegy",1593,1161
16943,"Korosladany",4582,1076
75974,"Korosnagyharsany",550,1290
69815,"Korosszakal",814,894
77762,"Korosszegapati",882,2768
20946,"Korostarcsa",2477,3297
93569,"Korostetetlen",854,3113
17745,"Kosd",2635,2467
72358,"Kospallag",796,3065
64760,"Koszarhegy",1620,1683
3342,"Koszeg",12055,574
107563,"Koszegdoroszlo",239,2010
91566,"Koszegszerdahely",498,2372
25151,"Kotaj",4532,1814
99564,"Kotcse",502,680
51159,"Kotegyan",1355,1123
83161,"Kotelek",1571,2854
94766,"Kovacsvagas",649,2345
85771,"Kovagoors",802,1553
45358,"Kovagoszolos",1262,699
112564,"Kovagotottos",311,995
109763,"Kovegy",377,2585
69984,"Koveskal",371,1384
86567,"Kozard",156,633
13542,"Kozarmisleny",6109,1957
69768,"Krasznokvajda",424,1441
69968,"Kubekhaza",1488,3420
17157,"Kulcs",2728,1614
71362,"Kulsovat",758,585
72183,"Kunadacs",1566,1604
30356,"Kunagota",2559,604
32958,"Kunbaja",1485,772
70382,"Kunbaracs",630,525
82564,"Kuncsorba",585,2902
27951,"Kunfeherto",2014,406
55362,"Kungos",506,2256
14748,"Kunhegyes",7483,2317
23551,"Kunmadaras",5295,3191
120168,"Kunpeszer",649,3189
50356,"Kunszallas",1640,3250
11345,"Kunszentmarton",8373,2813
10949,"Kunszentmiklos",8515,3162
25353,"Kunsziget",1256,2654
84769,"Kup",459,2050
47357,"Kurd",1206,1181
70160,"Kurityan",1598,1947
73361,"Kustanszeg",509,2885
70212,"Kutas",1434,1945
69774,"Kutaso",100,1525
12550,"Labatlan",4992,2829
83764,"Labod",1960,1625
71368,"Lad",542,578
69359,"Ladanybene",1694,750
16350,"Lajoskomarom",2110,1767
13142,"Lajosmizse",11073,3379
71968,"Lakhegy",490,620
19947,"Lakitelek",4452,1104
125963,"Lakocsa",545,3333
17158,"Lanycsok",2489,2129
88165,"Laskod",957,1486
69558,"Latrany",1358,437
92972,"Lazi",570,3080
10944,"Leanyfalu",3706,2548
25552,"Leanyvar",1724,3366
22949,"Lebeny",3159,3039
74358,"Legend",435,1166
76382,"Legyesbenye",1516,353
127163,"Leh",473,703
75966,"Lenarddaroc",289,2441
69810,"Lengyel",537,2667
35756,"Lengyeltoti",3227,1257
8345,"Lenti",7971,726
55558,"Lepseny",3029,1757
129363,"Lesencefalu",303,2196
76176,"Lesenceistvand",959,1787
89764,"Lesencetomaj",1084,576
24951,"Letavertes",7090,1212
16555,"Letenye",4053,2268
70370,"Letkes",1138,1923
28353,"Level",1777,3097
42358,"Levelek",2911,305
72195,"Lickovadamos",196,1760
129164,"Liget",419,1622
70161,"Lipot",675,2297
72169,"Lippo",446,2502
86967,"Liszo",404,455
40156,"Liter",2044,487
77562,"Litke",834,2908
91565,"Locs",131,2120
71772,"Lokoshaza",1762,1885
69828,"Lokut",497,2609
70759,"Lonya",650,914
97165,"Lorev",318,3040
16942,"Lorinci",5880,3138
118963,"Lothard",254,556
46956,"Lovas",438,1911
28553,"Lovasbereny",2669,2816
63558,"Lovaszi",1205,508
69794,"Lovaszpatona",1077,3119
42357,"Lovo",1443,799
71770,"Lovopetri",441,2019
70383,"Lucfalva",604,277
69829,"Ludanyhalaszi",1588,1579
110566,"Ludas",809,1402
83562,"Lukacshaza",1061,1001
88164,"Lulla",200,390
19945,"Mad",2128,2335
41756,"Madaras",2924,2933
28551,"Madocsa",1881,2644
102163,"Magloca",96,1092
10542,"Maglod",11989,681
23554,"Magocs",2388,2998
126963,"Magosliget",246,1662
101966,"Magy",920,2767
76372,"Magyaralmas",1537,1042
75361,"Magyaratad",826,2790
34361,"Magyarbanhegyes",2374,2517
77364,"Magyarboly",948,596
69786,"Magyarcsanad",1458,1153
69395,"Magyardombegyhaz",201,2975
71364,"Magyaregregy",717,2537
97565,"Magyaregres",645,2696
93363,"Magyargec",868,2637
93163,"Magyargencs",495,543
69771,"Magyarhertelend",627,368
69969,"Magyarhomorog",868,1391
93165,"Magyarkeresztur",430,601
95164,"Magyarkeszi",1230,322
81962,"Magyarlak",731,3240
69559,"Magyarnandor",1135,2043
110767,"Magyarpolany",1133,2706
86191,"Magyarsarlos",297,1728
106963,"Magyarszecsod",435,2260
22950,"Magyarszek",1085,290
74363,"Magyarszentmiklos",276,1306
71575,"Magyarszerdahely",517,2542
125163,"Magyarszombatfa",269,438
129965,"Magyartelek",216,1075
69569,"Majoshaza",1591,2786
35357,"Majs",939,439
53560,"Makad",1217,1960
109364,"Makkoshotyka",869,2769
69985,"Maklar",2398,735
3143,"Mako",23573,361
75979,"Malomsok",508,2739
18543,"Malyi",4111,1491
84770,"Malyinka",475,1782
27351,"Mandok",4188,3392
71371,"Manfa",843,2349
23352,"Many",2403,2992
106163,"Maraza",177,1850
8144,"Marcali",11567,2222
76172,"Marcalto",763,2263
70390,"Mariahalom",658,1228
71966,"Mariakalnok",1692,1448
71182,"Mariakemend",588,457
58759,"Marianosztra",913,1965
69849,"Mariapocs",2042,1654
32954,"Markaz",1748,3221
38362,"Marko",1209,677
76184,"Markotabodoge",443,2065
87767,"Marok",431,3322
86196,"Marokpapi",477,1051
50557,"Maroslele",2047,2573
27551,"Martely",1359,262
13543,"Martfu",6435,222
93572,"Martonfa",205,465
6542,"Martonvasar",5811,202
124364,"Martonyi",374,1887
6342,"Mateszalka",16957,2780
77365,"Matetelke",499,1996
69847,"Matraballa",714,1487
75973,"Matraderecske",1839,2007
72961,"Matramindszent",798,1937
22952,"Matranovak",1686,2433
79564,"Matraszele",1007,2904
109563,"Matraszentimre",465,433
68359,"Matraszolos",1588,3352
70969,"Matraterenye",1740,3010
67159,"Matraverebely",2069,1694
112966,"Matyasdomb",723,2066
67359,"Matyus",275,3375
73359,"Maza",1226,1344
22342,"Mecseknadasd",1509,1140
115563,"Mecsekpoloske",412,2735
69814,"Mecser",589,2076
121163,"Medgyesbodzas",1026,3012
19546,"Medgyesegyhaza",3691,3056
64159,"Medina",805,2176
116563,"Meggyeskovacsi",704,2393
69570,"Megyaszo",2722,2576
42957,"Mehkerek",2033,2979
76175,"Mehtelek",673,1601
18742,"Melykut",5081,2713
112965,"Mencshely",261,369
17342,"Mende",4204,2561
72188,"Mera",1731,2038
117164,"Merges",75,746
76169,"Merk",2073,2363
96163,"Mernye",1380,1480
80169,"Mersevat",564,3187
101963,"Mesterhaza",146,1572
87365,"Mesteri",229,3023
69792,"Mesterszallas",691,1175
91365,"Meszes",157,3283
127965,"Meszlen",217,1610
69375,"Mesztegnyo",1360,1962
8745,"Mezobereny",10896,1383
16744,"Mezocsat",5891,3085
72559,"Mezocsokonya",1247,1755
17942,"Mezofalva",4677,420
70562,"Mezogyan",1042,1187
13745,"Mezohegyes",4994,2628
72184,"Mezohek",317,1132
30153,"Mezokeresztes",3803,568
70965,"Mezokomarom",905,3032
15344,"Mezokovacshaza",6049,1943
4542,"Mezokovesd",16538,2356
71563,"Mezolak",1031,1837
72192,"Mezonagymihaly",1032,1174
56163,"Mezonyarad",1532,1281
68958,"Mezoors",1008,3103
107773,"Mezopeterd",533,1884
73764,"Mezosas",591,2508
77161,"Mezoszemere",1232,657
71381,"Mezoszentgyorgy",1309,2903
30351,"Mezoszilas",2068,3166
70391,"Mezotarkany",1575,426
8143,"Mezotur",17337,344
70179,"Mezozombor",2378,213
64759,"Mihalyfa",386,1322
69381,"Mihalygerge",559,466
69959,"Mihalyhaza",742,2198
71762,"Mihalyi",1051,2090
127769,"Mike",599,2446
122365,"Mikebuda",690,2421
51758,"Mikepercs",4434,3337
93168,"Miklosi",222,3128
96764,"Mikofalva",720,2425
77362,"Mikohaza",576,3059
129163,"Mikosszeplak",317,266
74963,"Milejszeg",347,3175
100966,"Milota",816,2155
14753,"Mindszent",6685,1628
67960,"Mindszentgodisa",870,475
72190,"Misefa",303,3063
34756,"Miske",1656,3045
381,"Miskolc",166823,281
69575,"Miszla",272,2693
33756,"Mocsa",2108,3334
100367,"Mocseny",367,1778
9146,"Mogyorod",6335,2825
24151,"Mogyorosbanya",896,1096
106765,"Mogyoroska",78,2571
73766,"Moha",549,2395
8142,"Mohacs",18604,2791
75971,"Mohora",944,2101
100763,"Molnari",689,901
103363,"Monaj",223,782
69758,"Monok",1558,1055
4942,"Monor",18395,3156
121164,"Monosbel",416,2404
69394,"Monostorapati",1075,2589
70189,"Monostorpalyi",2136,1602
111163,"Monyorod",182,1848
3542,"Mor",14255,2070
86176,"Moragy",706,434
16143,"Morahalom",6067,3409
84766,"Moricgat",479,255
71562,"Morichida",807,3134
54558,"Mosdos",1013,478
2084,"Mosonmagyarovar",32720,3367
26952,"Mosonszentmiklos",2282,2814
69958,"Mosonszolnok",1676,2954
128966,"Mozsgo",1043,1362
99764,"Mucsfa",387,702
71177,"Mucsi",454,2154
70558,"Mucsony",3095,215
71180,"Muhi",533,2521
60560,"Murakeresztur",1757,3398
119965,"Muraszemenye",648,1891
127570,"Murga",53,1198
69366,"Murony",1228,1921
99164,"Nabrad",871,2759
70373,"Nadap",540,671
69398,"Nadasd",1302,1390
43758,"Nadasdladany",1749,2810
17153,"Nadudvar",8768,1590
78761,"Nagocs",677,2355
110567,"Nagyacsad",643,2797
70362,"Nagyalasony",480,1794
8543,"Nagyatad",10734,236
69363,"Nagybajcs",935,2165
64758,"Nagybajom",3431,1276
130163,"Nagybakonak",403,2602
60358,"Nagybanhegyes",1129,2595
32554,"Nagybaracska",2181,2918
103563,"Nagybarca",1049,1639
117363,"Nagybarkany",650,2906
61963,"Nagybereny",1347,2144
69581,"Nagyberki",1457,1477
51558,"Nagyborzsony",781,249
28552,"Nagycenk",1957,558
108366,"Nagycsecs",776,2059
91764,"Nagycsepely",366,2274
71568,"Nagycserkesz",1732,1000
73761,"Nagydem",365,2148
80161,"Nagydobos",2128,3389
93174,"Nagydobsza",668,1838
20542,"Nagydorog",2618,648
37156,"Nagyecsed",6042,2091
84362,"Nagyer",480,2318
54158,"Nagyesztergar",1209,2687
72163,"Nagyfuged",1877,928
76568,"Nagygeresd",261,1285
84774,"Nagyhajmas",340,2715
19342,"Nagyhalasz",5589,265
36760,"Nagyharsany",1570,947
69982,"Nagyhegyes",2750,2697
92967,"Nagyhodos",107,2237
17343,"Nagyigmand",2948,2168
71963,"Nagyivan",1179,2478
14142,"Nagykallo",9870,424
69371,"Nagykamaras",1366,3093
399,"Nagykanizsa",49302,2058
43556,"Nagykapornak",906,700
56158,"Nagykaracsony",1361,1343
9143,"Nagykata",12563,890
96171,"Nagykereki",1205,2494
87568,"Nagykokenyes",586,2718
69964,"Nagykonyi",1090,1971
6142,"Nagykoros",24433,1557
63960,"Nagykoru",1651,999
2744,"Nagykovacsi",6895,1094
25553,"Nagykozar",1927,2217
69961,"Nagykutas",439,1277
71190,"Nagylak",466,445
38156,"Nagylengyel",510,2110
81562,"Nagyloc",1548,3236
82362,"Nagylok",1059,3293
71373,"Nagylozs",1041,1723
60561,"Nagymagocs",3087,1403
16756,"Nagymanyok",2273,3173
10342,"Nagymaros",4770,1506
122765,"Nagymizdo",121,1465
66960,"Nagynyarad",719,2398
30353,"Nagyoroszi",2087,2846
70758,"Nagypali",469,1987
78964,"Nagypall",425,2716
69960,"Nagypeterd",649,2140
85365,"Nagypirit",254,630
43956,"Nagyrabe",1974,1651
90967,"Nagyrada",457,2986
97167,"Nagyrakos",275,1497
55359,"Nagyrecse",1136,3148
62358,"Nagyrede",3091,631
71162,"Nagyrev",729,3318
70376,"Nagyrozvagy",609,2707
71173,"Nagysap",1525,2614
87569,"Nagysimonyi",987,676
49159,"Nagyszekely",437,2798
100365,"Nagyszekeres",526,824
20547,"Nagyszenas",5070,3354
52958,"Nagyszentjanos",1790,1370
74362,"Nagyszokoly",853,2760
79963,"Nagytalya",844,2340
11145,"Nagytarcsa",3866,2917
123165,"Nagytoke",457,1041
70159,"Nagyut",660,3378
76385,"Nagyvarsany",1434,1419
109565,"Nagyvaty",341,1919
40356,"Nagyvazsony",1783,2613
16551,"Nagyvenyim",4051,2828
80766,"Nagyvisnyo",938,279
71174,"Nak",551,842
81362,"Napkor",3686,1736
85766,"Narai",1283,204
89362,"Narda",497,2016
45156,"Naszaly",2327,2803
69377,"Nekezseny",735,616
86965,"Nemesapati",530,524
74365,"Nemesbikk",995,2450
122564,"Nemesbod",618,2711
88963,"Nemesborzova",78,3294
124763,"Nemesbuk",667,2332
107771,"Nemescso",292,791
129963,"Nemesded",705,565
100563,"Nemesgorzsony",678,278
85790,"Nemesgulacs",959,555
73165,"Nemeshany",406,765
113166,"Nemeshetes",305,2932
70158,"Nemesker",213,367
71765,"Nemeskeresztur",249,2551
127364,"Nemeskisfalud",145,283
89762,"Nemeskocs",366,3254
23357,"Nemesnadudvar",1802,1802
85770,"Nemesrado",312,967
107963,"Nemesrempehollos",286,2560
121964,"Nemessandorhaza",273,219
69983,"Nemesszalok",919,1500
35356,"Nemesvamos",2516,1756
115966,"Nemesvid",705,2842
96564,"Nemesvita",347,2175
71363,"Nemetker",1688,2758
85969,"Nemti",751,3382
58758,"Neszmely",1331,979
85972,"Nezsa",1035,1084
70363,"Nick",503,1095
113964,"Nikla",737,435
21542,"Nograd",1430,3230
72558,"Nogradkovesd",653,1213
95163,"Nogradmegyer",1693,838
55360,"Nogradsap",802,1949
71560,"Nogradsipek",664,1475
72561,"Noszlop",985,1881
44156,"Noszvaj",1857,2942
39357,"Notincs",1075,335
29952,"Nova",819,2927
47156,"Novaj",1390,2719
97568,"Novajidrany",1386,1975
69561,"Nyalka",461,2900
81970,"Nyarad",897,2303
20948,"Nyaregyhaza",3854,2305
45756,"Nyarlorinc",2282,2006
69803,"Nyarsapat",1978,1288
17150,"Nyekladhaza",5001,1535
5343,"Nyergesujfalu",7552,441
84963,"Nyesta",52,320
129763,"Nyim",293,3229
61559,"Nyirabrany",3657,1400
36158,"Nyiracsad",3763,2400
81966,"Nyirad",1928,618
14750,"Nyiradony",7798,1484
10743,"Nyirbator",12018,1580
67160,"Nyirbeltek",2741,3115
85772,"Nyirbogat",3164,2880
77565,"Nyirbogdany",2899,790
69857,"Nyircsaholy",2039,2597
104163,"Nyircsaszari",1140,504
137163,"Nyirderzs",573,1720
385,"Nyiregyhaza",117658,2844
101964,"Nyirgelse",1036,923
75967,"Nyirgyulaj",1943,2643
76171,"Nyiri",412,1469
103765,"Nyiribrony",1068,3147
116164,"Nyirjako",900,1829
82962,"Nyirkarasz",2296,3245
103763,"Nyirkata",1877,2592
118763,"Nyirkercs",779,1109
69844,"Nyirlovo",674,1127
38956,"Nyirlugos",2701,1227
38556,"Nyirmada",4762,3238
92977,"Nyirmartonfalva",2013,2326
80763,"Nyirmeggyes",2532,2636
79364,"Nyirmihalydi",2011,1080
114966,"Nyirparasznya",959,3314
55358,"Nyirpazony",3488,2806
71569,"Nyirtass",1940,1355
25551,"Nyirtelek",6783,925
100965,"Nyirtet",1047,1209
71965,"Nyirtura",1809,1652
115367,"Nyirvasvari",1884,421
124563,"Nyomar",327,1295
31151,"Nyul",4270,1264
123168,"Obanya",129,3430
72359,"Obarok",803,407
8544,"Ocsa",9136,378
109166,"Ocsard",405,896
50157,"Ocseny",2389,2800
30151,"Ocsod",3199,1964
106563,"Ofalu",324,2228
84767,"Ofeherto",2551,775
105564,"Ofoldeak",451,2777
77363,"Ohid",560,1925
38960,"Okany",2547,3176
77564,"Okoritofulpos",1772,1855
70196,"Olasz",630,1974
75978,"Olaszfa",428,2651
66558,"Olaszfalu",1068,3177
65561,"Olaszliszka",1661,1204
118365,"Olbo",732,1112
72964,"Olcsva",587,1083
113763,"Olcsvaapati",276,2170
85779,"Old",336,2255
37956,"Onga",4775,2262
70388,"Onod",2595,2792
82965,"Opalyi",2847,1279
48958,"Opusztaszer",2299,902
85774,"Or",1430,854
9953,"Orbottyan",7439,1682
70367,"Ordacsehi",779,1627
69574,"Ordas",415,867
78967,"Oregcserto",753,705
58558,"Oreglak",1597,1173
50958,"Orfu",941,1693
38159,"Orgovany",3255,324
85788,"Orhalom",1005,1063
19751,"Oriszentpeter",1167,528
16944,"Orkeny",4966,2938
53158,"Ormenyes",1049,3406
71766,"Ormosbanya",1670,2306
3942,"Oroshaza",28910,3076
4743,"Oroszlany",18627,1401
105164,"Ortilos",505,1009
80564,"Orvenyes",165,1931
70176,"Osagard",292,2406
69564,"Osi",2017,2545
70959,"Osku",2262,1512
60559,"Osli",856,3262
84969,"Ostffyasszonyfa",767,2721
31554,"Ostoros",2670,766
80764,"Oszko",655,286
81764,"Oszlar",392,1977
88762,"Osztopan",811,263
36757,"Otteveny",2935,3107
71159,"Ottomos",698,1449
3944,"Ozd",33750,1866
87163,"Ozdfalu",177,566
71958,"Ozora",1543,1589
69577,"Pacin",1381,3174
51961,"Pacsa",1758,716
137166,"Pacsony",276,1867
81563,"Pahi",1184,2916
45957,"Paka",1068,2427
72161,"Pakod",937,2575
20949,"Pakozd",3199,486
2083,"Paks",19510,937
63358,"Palfa",1555,1236
26751,"Palhaza",1000,1963
65164,"Pali",345,715
74968,"Palkonya",271,270
120763,"Palmonostora",1770,1013
45958,"Palotabozsok",913,588
45157,"Palotas",1574,1701
76190,"Paloznak",436,1237
80168,"Pamleny",44,2224
49156,"Pand",2069,2310
76961,"Pankasz",415,2430
6942,"Pannonhalma",3937,2473
116364,"Panyok",47,2955
98564,"Panyola",579,2774
42956,"Pap",1796,3194
2142,"Papa",32052,1185
80165,"Papakovacsi",532,3125
71366,"Papateszer",1150,734
84776,"Papkeszi",1567,1406
74563,"Papoc",287,3257
115366,"Papos",790,743
60759,"Parad",1964,2021
78368,"Paradsasvar",409,2674
76188,"Parasznya",1166,3197
76567,"Paszab",1281,740
4142,"Paszto",9569,2348
121564,"Pasztori",368,719
69789,"Patak",883,1216
69380,"Patca",63,2884
74164,"Patka",1628,1218
70210,"Patroha",2839,1502
5743,"Paty",7232,2368
87769,"Patyod",658,2178
51761,"Pazmand",2029,1271
34757,"Pazmandfalu",973,405
2943,"Pecel",15437,1498
54159,"Pecol",792,1941
383,"Pecs",156801,1538
123170,"Pecsdevecser",96,2245
58958,"Pecsely",512,2109
81762,"Pecsudvard",751,1082
13342,"Pecsvarad",4022,1611
20546,"Pellerd",2209,1956
70211,"Pely",1291,1868
57358,"Penc",1564,1708
73759,"Peneszlek",936,1554
69830,"Penzesgyor",338,1552
21343,"Per",2333,2818
14942,"Perbal",2239,2442
135364,"Pere",333,1286
122566,"Pereked",172,1368
86568,"Perenye",686,888
93364,"Peresznye",823,2377
53559,"Pereszteg",1405,1935
16542,"Perkata",3942,3341
69813,"Perkupa",819,418
65160,"Perocseny",304,3242
122164,"Peterd",197,2184
28753,"Peteri",2201,1207
28155,"Petervasara",2464,3425
15942,"Petfurdo",4717,1722
72158,"Petnehaza",1773,3368
21344,"Petofibanya",2754,1543
103764,"Petofiszallas",1478,2283
71961,"Petohaza",1058,1157
99563,"Petomihalyfa",193,1917
81763,"Petrikeresztur",369,3075
78362,"Petrivente",352,2976
123169,"Pettend",149,982
7742,"Pilis",11460,2960
10948,"Pilisborosjeno",3373,714
2342,"Piliscsaba",8381,2187
17744,"Piliscsev",2364,3414
17142,"Pilisjaszfalu",1592,1466
24952,"Pilismarot",2120,1434
10346,"Pilisszanto",2503,1139
5144,"Pilisszentivan",4360,1873
9948,"Pilisszentkereszt",2229,845
46558,"Pilisszentlaszlo",1189,1958
2146,"Pilisvorosvar",13768,529
29956,"Pincehely",2266,1468
76381,"Pinnye",321,339
90365,"Piricse",1808,1539
79968,"Pirto",941,628
30552,"Pitvaros",1341,1183
70378,"Pocsaj",2579,490
17160,"Pocsmegyer",2021,1124
42758,"Pocspetri",1713,1724
75982,"Pogany",1168,2105
14755,"Pokaszepetk",988,2311
15944,"Polgar",7915,1752
19142,"Polgardi",6964,986
71572,"Poloske",860,3111
122565,"Poloskefo",405,637
1802,"Pomaz",17101,3357
83564,"Porboly",533,1721
59361,"Porcsalma",2538,2036
64358,"Pornoapati",415,2219
29953,"Poroszlo",2715,2989
87763,"Porpac",153,1685
74762,"Porszombat",300,2351
77764,"Porva",435,1567
117764,"Posfa",270,2466
86970,"Potrete",250,2127
69781,"Prugy",2348,1296
81974,"Puski",641,2138
69842,"Puspokhatvan",1502,1016
8942,"Puspokladany",14698,727
85966,"Puspokmolnari",896,430
69761,"Puspokszilagy",754,1786
108164,"Pusztaberki",118,3137
87562,"Pusztacsalad",246,1386
76392,"Pusztadobos",1353,2746
97563,"Pusztaederics",180,1704
96422,"Pusztafalu",192,539
34362,"Pusztafoldvar",1700,1993
136163,"Pusztahencse",978,1902
71191,"Pusztakovacsi",842,653
87164,"Pusztamagyarod",563,635
69400,"Pusztamerges",1227,1524
73959,"Pusztamonostor",1579,1959
132163,"Pusztaottlaka",356,2901
9946,"Pusztaszabolcs",5997,2663
41156,"Pusztaszentlaszlo",599,2859
60958,"Pusztaszer",1480,2308
74558,"Pusztavacs",1395,1777
31555,"Pusztavam",2413,1558
23753,"Pusztazamor",1211,2741
15147,"Putnok",6634,479
70372,"Rabacsanak",460,3370
71565,"Rabacsecseny",602,2673
87764,"Rabagyarmat",788,319
85780,"Rabahidveg",949,1479
71365,"Rabakecol",665,2533
46556,"Rabapatona",2426,2607
71169,"Rabapaty",1715,2472
75987,"Rabapordany",988,1527
91964,"Rabaszentandras",497,3371
70173,"Rabaszentmihaly",479,1729
109163,"Rabaszentmiklos",127,1542
71376,"Rabatamasi",1011,1799
121571,"Rabatottos",206,375
123763,"Rabcakapi",168,990
11942,"Racalmas",4488,201
28555,"Rackeresztur",3311,1726
5143,"Rackeve",10022,237
59363,"Rad",1932,2119
85769,"Radostyan",591,605
87564,"Ragaly",649,2658
26351,"Rajka",2563,1473
41556,"Rakamaz",4545,1420
19143,"Rakoczifalva",5359,1242
69585,"Rakocziujfalu",2002,1429
106764,"Ramocsa",43,3185
83163,"Ramocsahaza",1473,1246
69811,"Ratka",946,2386
96765,"Ratot",290,2180
70166,"Ravazd",1210,960
40756,"Recsk",2656,3001
69764,"Rede",1348,3159
69566,"Redics",940,840
108163,"Regec",100,1545
39356,"Regoly",1104,2631
71179,"Rem",1295,3188
86162,"Repashuta",464,3088
16354,"Repcelak",2414,1443
93166,"Repceszemere",256,2862
92164,"Repceszentgyorgy",100,774
81161,"Repcevis",334,3396
134163,"Retalap",554,2157
69769,"Retkozberencs",1153,2382
10942,"Retsag",2895,562
16554,"Revfulop",1062,931
118367,"Revleanyvar",469,2389
97763,"Rezi",1166,1922
46159,"Ricse",1661,2413
89562,"Rigyac",406,2888
56159,"Rimoc",1757,2458
125564,"Rohod",1199,1106
95568,"Rojtokmuzsaj",445,1750
86170,"Romand",279,1219
25952,"Romhany",2199,2485
69791,"Romonya",486,2680
115968,"Ronok",437,1316
25752,"Roszke",3176,1742
72182,"Rozsaly",751,2765
66758,"Rozsaszentmarton",1949,2302
43158,"Rudabanya",2488,3412
75164,"Rudolftelep",714,1059
72963,"Rum",1163,396
45962,"Ruzsa",2522,1494
71186,"Sagvar",1802,350
70188,"Sajobabony",2782,2733
80961,"Sajoecseg",1007,1017
98765,"Sajogalgoc",365,308
86177,"Sajohidveg",1048,321
85561,"Sajoivanka",605,2694
70380,"Sajokeresztur",1505,1133
86172,"Sajolad",3095,812
104364,"Sajonemeti",493,1853
78963,"Sajooros",1343,1663
71767,"Sajopalfala",727,1605
86364,"Sajopetri",1515,3034
14346,"Sajoszentpeter",11965,2073
69808,"Sajoszoged",2265,2775
76371,"Sajovamos",2200,1057
71193,"Sajovelezd",826,3079
104764,"Sajtoskal",407,2578
86163,"Salfold",59,1888
2103,"Salgotarjan",36467,2772
115963,"Salkoveskut",506,472
85979,"Salomvar",615,1555
98963,"Saly",2085,3170
126965,"Sand",397,3112
15343,"Sandorfalva",7953,2611
69759,"Santos",513,2500
70972,"Sap",938,2369
73760,"Sarand",2238,272
9343,"Sarbogard",12448,810
119963,"Saregres",752,2690
71566,"Sarhida",792,2856
19944,"Sarisap",2708,2516
16351,"Sarkad",10011,3180
58158,"Sarkadkeresztur",1495,2534
65758,"Sarkeresztes",1484,269
75970,"Sarkeresztur",2561,1490
85162,"Sarkeszi",611,2086
69817,"Sarmellek",1843,2514
120167,"Sarok",109,2747
55361,"Sarosd",3325,474
2122,"Sarospatak",12590,2394
120169,"Sarpilis",687,3002
28352,"Sarretudvari",2751,3153
70973,"Sarrod",1175,2081
83566,"Sarszentagota",1346,1177
55758,"Sarszentlorinc",932,718
37157,"Sarszentmihaly",3062,2130
39358,"Sarud",1126,3216
6742,"Sarvar",14764,1377
17156,"Sasd",3282,287
105763,"Saska",256,512
69840,"Sata",1037,3348
6747,"Satoraljaujhely",15355,205
85973,"Satorhely",642,1027
76162,"Savoly",505,2736
94764,"Se",1417,2538
61960,"Segesd",2461,2874
16549,"Sellye",2752,449
76166,"Selyeb",489,3099
85965,"Semjenhaza",618,2020
69360,"Senyo",1406,3253
25951,"Seregelyes",4560,3213
122568,"Serenyfalva",970,860
100963,"Sersekszolos",148,551
86190,"Sikator",291,2676
9342,"Siklos",9631,2078
86964,"Simasag",534,2564
14347,"Simontornya",4028,1763
69788,"Sioagard",1246,2309
1962,"Siofok",24375,852
76170,"Siojut",603,3074
29555,"Sirok",1846,2420
70359,"Sitke",652,1908
109366,"Sobor",270,1262
31552,"Sojtor",1506,2911
77567,"Sokoropatka",1081,1821
7944,"Solt",6285,1998
80563,"Soltszentimre",1261,360
9546,"Soltvadkert",7433,738
43957,"Soly",476,412
2003,"Solymar",10282,2347
28151,"Som",680,2656
25554,"Somberek",1394,3058
74159,"Somlovasarhely",1100,2380
127566,"Somogyacsa",147,3121
125363,"Somogyapati",501,3247
88166,"Somogyaszalo",690,1148
73358,"Somogybabod",489,1598
105563,"Somogycsicso",164,2005
84768,"Somogydorocske",121,2033
107764,"Somogyegres",203,2914
109367,"Somogygeszti",470,2896
76378,"Somogyharsagy",434,1287
69364,"Somogyjad",1566,1562
96767,"Somogymeggyes",494,2872
99763,"Somogysamson",752,660
70371,"Somogysard",1238,341
122766,"Somogyszentpal",761,1854
95569,"Somogyszil",719,3260
65558,"Somogyszob",1559,485
118563,"Somogytur",453,2185
73765,"Somogyudvarhely",1073,1944
31752,"Somogyvamos",798,2388
38758,"Somogyvar",1869,3332
73961,"Sonkad",682,851
72960,"Soponya",2010,2909
397,"Sopron",61390,2572
77366,"Sopronhorpacs",824,261
74966,"Sopronkovesd",1188,2480
109164,"Sopronnemeti",265,289
107964,"Sopte",805,656
77769,"Sored",505,2969
76379,"Sormas",865,1488
90965,"Sorokpolany",840,684
105163,"Soshartyan",959,2298
13743,"Soskut",3245,1495
98364,"Sotony",618,2124
14759,"Sukoro",1295,2171
17743,"Sukosd",3693,2559
7943,"Sulysap",8292,2139
11147,"Sumeg",6190,538
85967,"Sumegcsehi",616,3199
109363,"Sumegpraga",600,240
70560,"Sur",1216,868
69568,"Surd",633,2870
16948,"Sutto",2016,1325
25152,"Szabadbattyan",4525,1874
36559,"Szabadegyhaza",2168,3132
118364,"Szabadhidveg",838,2506
41958,"Szabadkigyos",2696,1507
16747,"Szabadszallas",5896,1916
55159,"Szabadszentkiraly",785,2205
82963,"Szabolcs",398,358
86165,"Szabolcsbaka",1138,2145
76564,"Szabolcsveresmart",1665,847
14145,"Szada",4652,1606
19742,"Szajk",852,587
115969,"Szajla",612,1531
22947,"Szajol",3734,380
105565,"Szakadat",238,446
83766,"Szakald",519,1008
71960,"Szakaly",1490,1953
92964,"Szakcs",842,477
69979,"Szakmar",1148,1136
69802,"Szakoly",2735,2093
81564,"Szakony",400,3351
89564,"Szakonyfalu",354,1022
40956,"Szakszend",1480,2225
76380,"Szalafo",205,2054
72189,"Szalanta",1233,3101
93175,"Szalapa",191,900
121566,"Szalaszend",1119,1471
82765,"Szalatnak",330,1994
51765,"Szalka",612,1675
21345,"Szalkszentmarton",2827,2201
90366,"Szalonna",1027,1630
127164,"Szamosbecs",364,3127
77570,"Szamosker",396,1304
86762,"Szamosszeg",1784,1179
119763,"Szamosujlak",385,1375
76181,"Szanda",606,3423
17146,"Szank",2370,853
44956,"Szantod",399,1648
51158,"Szany",2025,1954
103163,"Szapar",499,1826
63359,"Szar",1641,1571
79964,"Szarazd",254,3349
85361,"Szarfold",897,2387
69567,"Szarliget",2388,1019
5145,"Szarvas",17007,577
65163,"Szarvasgede",398,3376
70168,"Szaszberek",969,3123
46957,"Szaszvar",2334,244
44557,"Szatmarcseke",1352,1200
81765,"Szatta",65,3106
44559,"Szatymaz",4674,1731
93763,"Szava",350,301
2082,"Szazhalombatta",18896,2304
71972,"Szebeny",373,662
128965,"Szecsenke",207,3301
10946,"Szecseny",5682,1155
101563,"Szecsenyfelfalu",436,560
89565,"Szecsisziget",213,1681
18142,"Szederkeny",1830,3336
71964,"Szedres",2299,2188
382,"Szeged",170052,3381
11742,"Szeghalom",9115,3248
125164,"Szegi",296,3108
19145,"Szegvar",4440,1677
96166,"Szekely",1040,1482
70389,"Szekelyszabar",586,1226
387,"Szekesfehervar",101722,2276
67959,"Szekkutas",2336,3317
1842,"Szekszard",33311,2042
97164,"Szeleste",677,930
58559,"Szeleveny",1050,2799
85974,"Szemely",473,450
92765,"Szemenye",308,807
29955,"Szendehely",1454,1510
43157,"Szendro",4062,356
86168,"Szenna",771,2570
87570,"Szentantalfa",426,709
86175,"Szentbalazs",320,3284
85362,"Szentbekkalla",186,1323
127967,"Szentborbas",132,904
98763,"Szentdomonkos",447,1544
110563,"Szente",329,1445
1682,"Szentendre",26250,792
5346,"Szentes",28476,3158
39159,"Szentgal",2676,1865
9951,"Szentgotthard",8839,1006
120963,"Szentgyorgyvolgy",399,2216
80362,"Szentimrefalva",205,2112
73560,"Szentistvan",2343,1626
31951,"Szentkiraly",1940,1635
81963,"Szentkiralyszabadja",2033,1586
70961,"Szentlaszlo",843,754
12942,"Szentlorinc",6848,2865
58358,"Szentlorinckata",1881,2125
34156,"Szentmartonkata",4948,1909
69365,"Szentpeterfa",953,1116
78567,"Szentpeterszeg",1101,770
61962,"Szentpeterur",1047,388
75965,"Szepetnek",1632,2882
87166,"Szerecseny",776,3073
71559,"Szeremle",1413,3343
9947,"Szerencs",9100,2779
65559,"Szerep",1506,2625
88362,"Szergeny",336,787
66162,"Szigetbecse",1354,1327
17151,"Szigetcsep",2319,2621
8943,"Szigethalom",17436,1518
14744,"Szigetmonostor",2270,2895
17155,"Szigetszentmarton",2129,2211
1902,"Szigetszentmiklos",34877,2657
39158,"Szigetujfalu",1997,2489
6144,"Szigetvar",10772,1101
16755,"Szigliget",824,2135
44556,"Szihalom",1938,1926
16546,"Szikszo",5348,1983
64158,"Szil",1217,336
127767,"Szilagy",289,1785
71164,"Szilsarkany",651,564
98764,"Szilvagy",200,3246
127964,"Szilvasszentmarton",192,949
26152,"Szilvasvarad",1660,2163
41757,"Szirak",1117,2491
33156,"Szirmabesenyo",4344,1669
14745,"Szob",2915,1952
108368,"Szoc",457,1269
85367,"Szoce",345,2886
19345,"Szod",3335,1617
11142,"Szodliget",4591,769
73160,"Szogliget",606,694
118164,"Szoked",366,1519
14749,"Szokolya",1809,2785
71561,"Szolad",547,788
389,"Szolnok",74341,1110
91564,"Szolosardo",100,300
69589,"Szolosgyorok",1233,2261
388,"Szombathely",79348,1889
28351,"Szomod",2094,2142
69976,"Szomolya",1559,519
56161,"Szomor",1136,998
81162,"Szorosad",90,1878
69790,"Szucsi",1563,2819
73164,"Szugy",1342,316
77163,"Szuha",604,1111
126764,"Szuhafo",141,2460
69819,"Szuhakallo",946,1540
76373,"Szuhogy",1184,1098
97365,"Szuliman",216,1121
70175,"Szulok",608,1904
104563,"Szur",275,859
69822,"Szurdokpuspoki",1927,1446
8145,"Tab",4242,2543
74360,"Tabajd",962,833
70967,"Tabdi",1076,2926
29552,"Taborfalva",3306,3196
69372,"Tac",1649,1312
10943,"Tahitotfalu",5656,3072
72175,"Takacsi",800,1824
8744,"Taksony",6394,2878
69358,"Taktaharkany",3642,313
86167,"Taktakenez",1243,1732
69565,"Taktaszada",1878,1221
76179,"Taliandorogd",735,2456
51760,"Tallya",1905,1621
6745,"Tamasi",8389,1426
85792,"Tanakajd",765,1501
70958,"Tap",699,1730
17143,"Tapiobicske",3449,940
16349,"Tapiogyorgye",3487,3179
27554,"Tapiosag",2615,1414
12544,"Tapioszecso",6353,1457
16550,"Tapioszele",6122,276
14742,"Tapioszentmarton",5334,3204
37757,"Tapioszolos",2914,2943
69387,"Taplanszentkereszt",2617,2461
4342,"Tapolca",15596,2197
115763,"Tapsony",693,3289
95364,"Tapszentmiklos",948,1673
56558,"Tar",1844,2174
110764,"Tarany",1162,816
20343,"Tarcal",2824,1478
71369,"Tard",1230,3022
70368,"Tardona",1011,3307
57558,"Tardos",1580,1893
92763,"Tarhos",915,3391
19543,"Tarjan",2677,2098
49157,"Tarjanpuszta",385,1324
71777,"Tarkany",1554,2334
71374,"Tarnalelesz",1663,1412
69800,"Tarnamera",1603,905
119565,"Tarnaors",1804,415
73158,"Tarnaszentmaria",225,417
7743,"Tarnok",9252,431
94765,"Tarnokreti",193,1369
51960,"Tarpa",2049,2052
113963,"Taska",391,493
16748,"Tass",2906,875
71161,"Taszar",1973,2012
10344,"Tat",5343,1815
1982,"Tata",24906,1454
390,"Tatabanya",70003,2738
50156,"Tatahaza",1235,2499
40759,"Tatarszentgyorgy",1974,2321
71175,"Tazlar",1702,3207
22948,"Teglas",6637,1268
112565,"Teklafalu",317,2396
67358,"Telekgerendas",1549,828
95167,"Teleki",202,1376
9954,"Telki",3899,690
66959,"Telkibanya",555,3241
33354,"Tengelic",2254,1407
97364,"Tengod",497,1145
94364,"Tenk",1166,3104
66158,"Tenyo",1540,3335
64561,"Tepe",1119,484
89763,"Terem",617,2417
130763,"Tereny",421,2057
50758,"Tereske",721,2097
51958,"Tes",797,882
96424,"Teseny",323,1903
42356,"Teskand",1127,1969
17742,"Tet",3877,3145
69576,"Tetetlen",1394,3044
29954,"Tevel",1458,895
65162,"Tibolddaroc",1417,3046
71771,"Tiborszallas",939,2795
11344,"Tihany",1357,2447
117163,"Tilaj",202,710
119764,"Timar",1329,942
50560,"Tinnye",1610,2454
133763,"Tiszaadony",583,229
19545,"Tiszaalpar",4907,1781
88562,"Tiszababolna",370,385
91963,"Tiszabecs",1007,2017
69812,"Tiszabercel",1893,1077
49959,"Tiszabezded",1845,2277
69834,"Tiszabo",1862,2444
70205,"Tiszabura",2925,1564
110964,"Tiszacsecse",230,2913
35957,"Tiszacsege",4481,643
123167,"Tiszacsermely",554,1623
59959,"Tiszadada",2229,1259
61961,"Tiszaderzs",1046,371
48156,"Tiszadob",2924,911
92969,"Tiszadorogma",367,1381
69852,"Tiszaeszlar",2566,2972
15144,"Tiszafoldvar",11120,3084
7143,"Tiszafured",10694,2869
76368,"Tiszagyulahaza",705,2044
69838,"Tiszaigar",813,2934
84967,"Tiszainoka",415,855
69367,"Tiszajeno",1642,1397
51959,"Tiszakanyar",1597,3062
74559,"Tiszakarad",2279,444
9949,"Tiszakecske",11237,1388
69809,"Tiszakerecseny",874,879
64958,"Tiszakeszi",2487,3038
126766,"Tiszakorod",687,1938
69376,"Tiszakurt",1353,2352
87362,"Tiszaladany",670,2839
16544,"Tiszalok",5517,1190
79965,"Tiszamogyoros",626,2725
69760,"Tiszanagyfalu",1807,708
73758,"Tiszanana",2309,1578
72164,"Tiszaors",1225,863
108166,"Tiszapalkonya",1407,337
31751,"Tiszapuspoki",2005,2018
36356,"Tiszaroff",1520,2149
79362,"Tiszasas",985,1769
49160,"Tiszasuly",1370,1354
69851,"Tiszaszalka",810,2278
24554,"Tiszaszentimre",2086,2754
69797,"Tiszaszentmarton",1122,1696
82162,"Tiszasziget",1751,3037
76362,"Tiszatarjan",1408,1444
90764,"Tiszatelek",1366,962
115564,"Tiszatenyo",1627,1409
77772,"Tiszaug",899,2835
2104,"Tiszaujvaros",16557,1097
94565,"Tiszavalk",307,3186
25751,"Tiszavarkony",1526,759
8945,"Tiszavasvari",12551,2726
118163,"Tisztaberek",610,2146
13746,"Toalmas",3371,996
86169,"Tofalu",526,534
45356,"Tofej",681,2452
16353,"Tok",1353,1830
9944,"Tokaj",4839,1415
15542,"Tokod",4215,3402
70187,"Tokodaltaro",3045,2982
8743,"Tokol",10416,922
100165,"Tokorcs",358,2805
57758,"Tolcsva",1681,638
71969,"Tolmacs",692,2527
5344,"Tolna",11367,1103
69586,"Tolnanemedi",1067,1667
70192,"Toltestava",2217,955
103164,"Tomajmonostora",704,2590
71763,"Tomorkeny",1751,2848
17149,"Tompa",4543,1233
70386,"Tompaladony",307,2100
12547,"Tordas",2123,2242
86173,"Tormas",284,1037
119363,"Tornakapolna",23,2783
122363,"Tornaszentandras",193,3263
77571,"Tornyiszentmiklos",616,2905
122764,"Tornyosnemeti",445,1695
69388,"Tornyospalca",2483,685
2042,"Torokbalint",13587,2009
78361,"Torokkoppany",492,2731
7144,"Torokszentmiklos",21043,2987
93367,"Torony",1948,2200
51763,"Tortel",4256,749
21342,"Toszeg",4380,1643
11744,"Totkomlos",5780,1638
60158,"Totszentmarton",831,2511
54760,"Totszerdahely",1137,413
71959,"Tottos",573,271
69588,"Totvazsony",1234,491
98363,"Trizs",195,1321
45959,"Tunyogmatolcs",2427,959
9544,"Tura",7731,1360
92979,"Turistvandi",660,1260
28752,"Turje",1650,2822
9742,"Turkeve",8741,1858
99363,"Turony",249,899
127568,"Turricse",603,463
95963,"Tuskevar",561,991
27553,"Tuzser",3301,3139
63958,"Tyukod",1832,2136
85968,"Udvari",400,2476
69382,"Ugod",1420,1748
69843,"Ujbarok",440,1248
99963,"Ujcsanalos",867,3365
89364,"Ujdombrad",660,2661
16545,"Ujfeherto",13005,629
19346,"Ujhartyan",2780,2339
93573,"Ujiraz",505,1011
78962,"Ujkenez",1021,1967
71564,"Ujker",977,235
17159,"Ujkigyos",5235,1968
34157,"Ujlengyel",1730,2041
88965,"Ujleta",1038,2762
90966,"Ujlorincfalva",250,606
71361,"Ujpetre",1033,3183
92968,"Ujronafo",793,878
96170,"Ujsolt",153,1529
14754,"Ujszasz",6360,1492
70163,"Ujszentivan",1786,3256
76375,"Ujszentmargita",1399,1780
70183,"Ujszilvas",2759,3360
119163,"Ujtelek",373,1192
73161,"Ujtikos",907,3219
89166,"Ujudvar",905,2301
131763,"Ukk",323,2141
20344,"Ulles",3142,1289
8344,"Ullo",11435,2079
85789,"Und",315,2763
86763,"Uny",722,1835
87565,"Uppony",309,2898
75977,"Ura",605,2153
76161,"Uraiujfalu",879,1762
66159,"Urhida",2366,2864
16757,"Uri",2685,2085
85164,"Urkut",2059,1193
10142,"Urom",7318,3182
127772,"Uszka",397,1629
82563,"Uszod",1008,3421
54759,"Uzsa",323,2493
1742,"Vac",34810,591
49757,"Vacduka",1367,3033
45960,"Vacegres",883,1988
26951,"Vachartyan",1820,569
69839,"Vackisujfalu",455,1766
19144,"Vacratot",1870,910
22542,"Vacszentlaszlo",2092,722
71185,"Vadna",597,223
87962,"Vag",481,1859
39756,"Vaja",3545,3000
77572,"Vajdacska",1302,2853
65958,"Vajszlo",1694,245
68358,"Vajta",1053,582
19948,"Val",2521,1759
34158,"Valko",2524,693
76761,"Vallaj",874,2732
97170,"Vamosatya",530,3105
82161,"Vamoscsalad",314,1458
70206,"Vamosgyork",1991,1073
69804,"Vamosmikola",1583,893
76178,"Vamosoroszi",492,898
23752,"Vamospercs",5263,1514
67958,"Vamosszabadi",1632,1676
71764,"Vamosujfalu",857,1240
75165,"Vancsod",1221,3091
74361,"Vanyarc",1234,2177
81971,"Vanyola",548,3285
70197,"Varalja",851,927
129567,"Varaszlo",143,2701
108364,"Varaszo",492,1841
107766,"Varbalog",385,2181
70186,"Varbo",1087,2678
86362,"Varda",483,941
46758,"Vardomb",1165,1725
86193,"Vargesztes",548,1066
46756,"Varosfold",2162,706
57759,"Varoslod",1394,1143
6146,"Varpalota",20305,663
86962,"Varsad",372,2949
70381,"Varsany",1635,1418
89162,"Varvolgy",1045,2258
59360,"Vasad",1899,226
56958,"Vasarosdombo",1090,1788
71973,"Vasarosfalu",157,919
82562,"Vasarosmiske",351,1832
12548,"Vasarosnameny",8670,2039
108565,"Vasasszonyfa",368,1030
76164,"Vasboldogasszony",606,1533
92973,"Vasegerszeg",390,2034
109167,"Vashosszufalu",353,3070
94164,"Vaskeresztes",377,2834
20742,"Vaskut",3421,2710
94163,"Vasmegyer",1678,1432
80565,"Vaspor",376,2598
70361,"Vassurany",800,469
84966,"Vasszecseny",1416,224
15544,"Vasvar",4127,2664
28952,"Vaszar",1446,1665
59559,"Vaszoly",220,2937
115363,"Vat",662,3007
76168,"Vatta",864,2681
4144,"Vecses",20910,3122
69806,"Vegegyhaza",1305,2600
74160,"Velem",336,2501
8343,"Velence",5359,2207
129566,"Veleny",146,2027
35358,"Vemend",1462,501
78965,"Venek",185,2642
117966,"Vep",3358,349
79967,"Vereb",786,1834
3742,"Veresegyhaz",16892,3372
14751,"Veroce",3745,2414
44756,"Verpelet",3812,2248
71163,"Verseg",1338,1972
115971,"Versend",937,275
60760,"Vertesacsa",1745,1389
65560,"Vertesboglar",860,3258
49956,"Verteskethely",575,1528
31153,"Vertessomlo",1336,2962
29560,"Vertesszolos",3166,818
71170,"Vertestolna",540,3126
84964,"Vese",747,458
49158,"Veszkeny",913,1176
394,"Veszprem",64024,1933
110565,"Veszpremgalsa",264,2269
76180,"Veszpremvarsany",980,2953
16346,"Veszto",6680,2115
69855,"Vezseny",692,973
126964,"Vigantpetend",194,2802
13742,"Villany",2474,520
33757,"Villanykovesd",277,1298
69978,"Vilyvitany",230,3214
122767,"Vindornyafok",123,654
78570,"Vindornyalak",81,1180
109564,"Vindornyaszolos",373,2841
12743,"Visegrad",1863,3124
69379,"Visonta",1127,509
121763,"Viss",631,687
101163,"Visz",189,794
85775,"Viszak",246,351
113563,"Visznek",1082,2579
19942,"Vitnyed",1359,2978
100363,"Vizslas",1308,2108
69821,"Vizsoly",786,589
85787,"Vizvar",517,1032
72167,"Vokany",817,1631
69963,"Volcsej",387,314
87768,"Vonock",708,1291
19748,"Vonyarcvashegy",2291,1170
125563,"Vorosto",98,964
72174,"Vors",464,2166
115368,"Zabar",508,1774
96423,"Zador",325,1483
48356,"Zagyvarekas",3512,2172
69573,"Zagyvaszanto",1923,1620
10746,"Zahony",3978,627
97366,"Zajta",443,1462
76174,"Zakany",941,554
46958,"Zakanyszek",2743,1146
135365,"Zala",255,1740
71773,"Zalaapati",1610,757
72171,"Zalabaksa",638,2428
81965,"Zalaber",706,2849
83162,"Zalaboldogfa",363,400
88162,"Zalacsany",1008,248
75984,"Zalacseb",506,3205
393,"Zalaegerszeg",61849,2999
100369,"Zalaerdod",244,2720
73558,"Zalagyomoro",438,1265
72172,"Zalahalap",1293,2383
86963,"Zalahashagy",383,1249
71378,"Zalaistvand",371,1178
20945,"Zalakaros",1846,1034
69795,"Zalakomar",3000,3031
16746,"Zalalovo",3021,2294
76165,"Zalaszabar",541,3328
81163,"Zalaszanto",996,1856
71189,"Zalaszentbalazs",812,3252
10742,"Zalaszentgrot",6473,3313
79966,"Zalaszentgyorgy",431,260
69805,"Zalaszentivan",1037,1809
126765,"Zalaszentjakab",329,1330
88763,"Zalaszentlorinc",310,1844
70181,"Zalaszentmihaly",973,2512
105363,"Zalata",278,2968
86968,"Zalatarnok",681,938
72185,"Zalavar",915,1705
70393,"Zalaveg",370,600
14761,"Zamardi",2363,3024
70962,"Zamoly",2216,2082
14544,"Zanka",927,2344
70394,"Zarank",410,1430
96165,"Zavod",293,1496
22746,"Zebegeny",1173,3160
89163,"Zemplenagard",722,1584
69966,"Zengovarkony",414,3426
138163,"Zichyujfalu",941,3305
103165,"Zics",356,1927
91366,"Ziliz",348,2761
94964,"Zimany",580,2649
9945,"Zirc",7096,1220
69816,"Zok",277,2162
24752,"Zomba",2047,1910
61358,"Zsadany",1639,481
67158,"Zsaka",1544,2503
8542,"Zsambek",5480,2203
16342,"Zsambok",2356,1515
49357,"Zsana",752,2875
118363,"Zsarolyan",388,1686
69856,"Zsebehaza",127,1749
84968,"Zselicszentpal",380,462
71359,"Zsira",782,1776
22745,"Zsombo",3552,1303
70760,"Zubogy",577,625
