KSHK,TELNEV_helyes,pop
1737,"Aba",4638.937
1244,"Abádszalók",4722.855
1254,"Abaliget",666.5504
2455,"Abasár",2618.862
1566,"Abaújalpár",78.96422
2671,"Abaújkér",681.5388
282,"Abaújlak",112.9446
359,"Abaújszántó",3228.294
2633,"Abaújszolnok",181.9018
227,"Abaújvár",303.8199
1188,"Abda",3098.416
1035,"Abod",234.867
2787,"Abony",15615.36
456,"Ábrahámhegy",553.6373
442,"Ács",7239.325
1857,"Acsa",1487.873
721,"Acsád",711.5153
3338,"Acsalag",490.6847
1813,"Ácsteszér",729.5012
2324,"Adács",2874.625
608,"Ádánd",2297.156
730,"Adásztevel",863.3945
892,"Adony",3764.784
3130,"Adorjánháza",473.6973
686,"Adorjás",212.8816
2581,"Ág",195.8928
1768,"Ágasegyháza",1945.472
488,"Ágfalva",2039.388
936,"Aggtelek",614.5906
2940,"Agyagosszergény",898.3663
877,"Ajak",4019.54
667,"Ajka",31173.53
668,"Aka",263.8474
2194,"Akasztó",3522.016
3309,"Alacska",887.3751
2682,"Alap",2094.339
2526,"Alattyán",2173.268
3165,"Albertirsa",12267.02
1517,"Alcsútdoboz",1492.868
634,"Aldebrõ",740.4925
3424,"Algyõ",5367.218
264,"Alibánfa",456.7099
1332,"Almamellék",486.6876
3234,"Almásfüzitõ",2224.222
2338,"Almásháza",65.97134
2959,"Almáskamarás",988.293
2037,"Almáskeresztúr",81.96254
779,"Almásneszmély",
2764,"Álmosd",1802.598
2048,"Alsóberecki",875.3848
3418,"Alsóbogát",285.8323
1966,"Alsódobsza",396.7538
1442,"Alsógagy",114.9434
1738,"Alsómocsolád",365.7761
2966,"Alsónána",779.4616
2319,"Alsónémedi",4884.696
1951,"Alsónemesapáti",746.4877
1156,"Alsónyék",817.4313
3052,"Alsóörs",1542.825
3208,"Alsópáhok",1375.969
1642,"Alsópetény",651.5621
1882,"Alsórajk",381.7646
2322,"Alsóregmec",236.8657
876,"Alsószenterzsébet",81.96254
2528,"Alsószentiván",651.5621
3327,"Alsószentmárton",1177.137
2254,"Alsószölnök",392.7567
2883,"Alsószuha",478.6936
821,"Alsótelekes",171.9082
762,"Alsótold",260.8495
2272,"Alsóújlak",646.566
2981,"Alsóvadász",1559.81
2103,"Alsózsolca",6091.493
1619,"Ambrózfalva",541.6464
2997,"Anarcs",2068.362
2871,"Andocs",1135.172
1798,"Andornaktálya",2853.645
1231,"Andrásfa",291.8282
3422,"Annavölgy",983.2971
2837,"Apácatorna",203.8875
2030,"Apagy",2412.051
3356,"Apaj",1260.067
2612,"Aparhant",1140.167
1425,"Apátfalva",3260.264
887,"Apátistvánfalva",402.7494
2729,"Apátvarasd",135.9307
724,"Apc",2663.82
1010,"Áporka",1136.171
2114,"Apostag",2123.313
935,"Aranyosapáti",2103.331
688,"Aranyosgadány",394.7552
2619,"Arka",104.9493
1433,"Arló",4076.484
377,"Arnót",2636.845
382,"Ároktõ",1267.061
1906,"Árpádhalom",574.6213
3224,"Árpás",260.8495
331,"Ártánd",534.6516
1033,"Ásotthalom",4098.463
2692,"Ásványráró",1980.44
423,"Aszaló",1944.473
2385,"Ászár",1756.639
1618,"Aszód",6082.502
733,"Aszófõ",405.7472
2858,"Áta",219.877
650,"Átány",1604.771
1609,"Atkár",1783.615
3273,"Attala",866.3921
540,"Babarc",825.425
966,"Babarcszõlõs",155.9183
3047,"Babócsa",1757.638
1936,"Bábolna",3753.795
2831,"Bábonymegyer",882.3792
2126,"Babosdöbréte",548.6411
1504,"Babót",1159.152
1071,"Bácsalmás",7426.133
1018,"Bácsbokod",3022.487
2723,"Bácsborsód",1286.045
869,"Bácsszentgyörgy",190.896
3015,"Bácsszõlõs",404.748
2232,"Badacsonytomaj",2447.019
326,"Badacsonytördemic",940.3322
913,"Bag",3930.625
2001,"Bagamér",2728.76
1105,"Baglad",56.97611
3036,"Bagod",1343.996
2876,"Bágyogszovát",1340.998
2921,"Baj",2765.726
352,"Baja",37675.81
1702,"Bajánsenye",570.6243
1674,"Bajna",2040.387
2935,"Bajót",1631.748
473,"Bak",1689.697
1439,"Bakháza",208.8843
2227,"Bakóca",333.7988
1516,"Bakonszeg",1271.058
829,"Bakonya",372.7711
2424,"Bakonybánk",507.6719
2374,"Bakonybél",1317.019
873,"Bakonycsernye",3163.355
2893,"Bakonygyirót",162.9139
2951,"Bakonyjákó",707.5184
728,"Bakonykoppány",218.8777
2315,"Bakonykúti",123.938
2599,"Bakonynána",1015.271
3041,"Bakonyoszlop",522.6606
2206,"Bakonypéterd",293.8268
632,"Bakonypölöske",419.737
2990,"Bakonyság",81.96254
2522,"Bakonysárkány",992.2898
2392,"Bakonyszentiván",247.8583
2281,"Bakonyszentkirály",937.3347
594,"Bakonyszentlászló",1947.47
2238,"Bakonyszombathely",1462.894
2641,"Bakonyszücs",376.7682
2412,"Bakonytamási",736.4956
2910,"Baks",2227.219
397,"Baksa",815.433
1818,"Baktakék",766.4719
232,"Baktalórántháza",3803.747
1509,"Baktüttös",354.7839
2252,"Balajt",476.6951
1365,"Balassagyarmat",16609.25
2367,"Balástya",3523.015
1152,"Balaton",1216.104
2530,"Balatonakali",698.5255
583,"Balatonalmádi",8977.522
2737,"Balatonberény",1227.095
3385,"Balatonboglár",6255.328
307,"Balatoncsicsó",220.8763
1223,"Balatonederics",1116.188
1946,"Balatonendréd",1415.934
2072,"Balatonfenyves",2106.328
2946,"Balatonfõkajár",1392.954
711,"Balatonföldvár",2290.162
2117,"Balatonfüred",13579.59
221,"Balatonfûzfõ",4460.112
1700,"Balatongyörök",1122.182
363,"Balatonhenye",138.9289
514,"Balatonkenese",3600.941
737,"Balatonkeresztúr",1707.682
3386,"Balatonlelle",5165.418
2646,"Balatonmagyaród",527.6569
1456,"Balatonmáriafürdõ",730.5004
1191,"Balatonõszöd",553.6373
3384,"Balatonrendes",158.9165
1660,"Balatonszabadi",3011.498
2490,"Balatonszárszó",2139.298
2282,"Balatonszemes",1871.537
2132,"Balatonszentgyörgy",1683.703
1715,"Balatonszepezd",437.7239
2850,"Balatonszõlõs",601.6006
1556,"Balatonudvari",382.7639
1647,"Balatonújlak",527.6569
355,"Balatonvilágos",1390.956
3110,"Balinka",1012.273
2695,"Balkány",6701.875
1340,"Ballószög",3267.257
291,"Balmazújváros",18276.39
510,"Balogunyom",1284.047
2593,"Balotaszállás",1604.771
1596,"Balsa",856.4001
2445,"Bálványos",591.6083
3142,"Bana",1762.633
1417,"Bánd",680.5396
760,"Bánfa",217.8783
2515,"Bánhorváti",1563.807
2434,"Bánk",698.5255
843,"Bánokszentgyörgy",695.5278
2195,"Bánréve",1427.924
2437,"Bár",583.6144
2648,"Barabás",813.4346
704,"Baracs",3614.928
858,"Baracska",2723.765
2669,"Báránd",2849.648
2046,"Baranyahídvég",224.8737
2474,"Baranyajenõ",497.6794
548,"Baranyaszentgyörgy",164.9127
619,"Barbacs",769.4695
3279,"Barcs",11916.4
373,"Bárdudvarnok",1196.121
2744,"Barlahida",170.9089
2004,"Bárna",1121.183
1577,"Barnag",159.9158
862,"Bársonyos",843.4106
1549,"Basal",207.8849
884,"Baskó",196.8921
1171,"Báta",1843.562
2890,"Bátaapáti",445.718
886,"Bátaszék",6833.74
3233,"Baté",856.4001
365,"Bátmonostor",1688.698
3353,"Bátonyterenye",14004.13
2402,"Bátor",428.7305
299,"Bátorliget",712.5145
1810,"Battonya",6317.265
1196,"Bátya",2225.221
2486,"Batyk",437.7239
1869,"Bázakerettye",868.3904
742,"Bazsi",424.7334
2290,"Béb",251.8556
2314,"Becsehely",2259.19
1201,"Becske",647.5652
2704,"Becskeháza",45.98174
1836,"Becsvölgye",857.3993
2071,"Bedegkér",487.6869
3344,"Bedõ",279.8365
1038,"Bejcgyertyános",499.6779
2705,"Békás",202.8882
692,"Bekecs",2632.849
976,"Békés",21335.94
1520,"Békéscsaba",63713.87
2618,"Békéssámson",2581.896
268,"Békésszentandrás",3935.62
440,"Bekölce",745.4885
3326,"Bélapátfalva",3363.167
691,"Bélavár",431.7283
2866,"Belecska",421.7356
1058,"Beled",2837.659
1712,"Beleg",670.5473
916,"Belezna",825.425
1939,"Bélmegyer",1140.167
846,"Beloiannisz",1226.095
2095,"Belsõsárd",113.944
1900,"Belvárdgyula",438.7231
2544,"Benk",465.7032
2509,"Bénye",1238.085
3291,"Bér",419.737
3212,"Bérbaltavár",571.6236
238,"Bercel",2035.391
2824,"Beregdaróc",869.3896
2067,"Beregsurány",597.6037
1846,"Berekböszörmény",1943.473
3400,"Berekfürdõ",1118.186
3192,"Beremend",2691.795
3429,"Berente",1059.235
2967,"Beret",290.8289
1278,"Berettyóújfalu",15742.22
3312,"Berhida",6099.485
903,"Berkenye",654.5598
1646,"Berkesd",919.3492
747,"Berkesz",854.4017
1877,"Bernecebaráti",921.3477
2635,"Berzék",1007.277
3011,"Berzence",2656.827
3004,"Besence",131.9332
1363,"Besenyõd",708.5176
2751,"Besenyõtelek",2908.594
1130,"Besenyszög",3501.036
1634,"Besnyõ",1801.599
2122,"Beszterec",1133.173
1411,"Bezedek",279.8365
2980,"Bezenye",1512.851
1283,"Bezeréd",168.9101
1056,"Bezi",490.6847
889,"Biatorbágy",11249.11
1331,"Bicsérd",1069.226
1048,"Bicske",11711.62
2525,"Bihardancsháza",198.8908
1995,"Biharkeresztes",4181.383
2482,"Biharnagybajom",2975.531
2988,"Bihartorda",1005.279
2961,"Biharugra",1043.248
1197,"Bikács",467.7018
489,"Bikal",800.4449
294,"Biri",1445.909
513,"Birján",505.6734
2492,"Bisse",259.8501
2920,"Boba",873.3864
1754,"Bocfölde",1146.162
2235,"Boconád",1400.947
830,"Bócsa",1858.549
3129,"Bocska",383.7632
3410,"Bocskaikert",2981.526
2089,"Boda",426.7319
1825,"Bodajk",4199.366
1162,"Bodmér",246.8589
3300,"Bodolyabér",269.8433
622,"Bodonhely",332.7995
1493,"Bodony",840.413
432,"Bodorfa",122.9386
1050,"Bodrog",463.7047
2373,"Bodroghalom",1519.845
3078,"Bodrogkeresztúr",1244.08
3380,"Bodrogkisfalud",943.3298
1440,"Bodrogolaszi",990.2914
823,"Bodrogszegi",
2742,"Bódvalenke",198.8908
3330,"Bódvarákó",116.9422
592,"Bódvaszilas",1195.122
2519,"Bogács",2027.399
3215,"Bogád",1066.229
2189,"Bogádmindszent",456.7099
1069,"Bogdása",321.8073
2817,"Boglárlelle",
342,"Bogyiszló",2333.123
436,"Bogyoszló",659.5558
1413,"Bojt",554.6365
1992,"Bókaháza",316.8108
731,"Bokod",2296.156
384,"Bokor",137.9295
345,"Boldog",3077.436
1311,"Boldogasszonyfa",469.7003
1894,"Boldogkõújfalu",571.6236
1447,"Boldogkõváralja",1038.252
839,"Boldva",2498.972
1399,"Bolhás",479.6928
1812,"Bolhó",824.4258
3315,"Bóly",3878.675
1078,"Boncodfölde",319.8087
649,"Bonyhád",14213.9
1481,"Bonyhádvarasd",469.7003
2267,"Bonnya",299.8226
819,"Bordány",3186.333
309,"Borgáta",141.927
672,"Borjád",477.6943
1932,"Borota",1485.874
1005,"Borsfa",773.4664
3066,"Borsodbóta",941.3314
1612,"Borsodgeszt",309.8157
670,"Borsodivánka",753.4822
531,"Borsodnádasd",3447.087
3020,"Borsodszentgyörgy",1307.027
1679,"Borsodszirák",1251.074
989,"Borsosberény",1006.278
476,"Borszörcsök",421.7356
3025,"Borzavár",761.4759
1436,"Bosta",141.927
2223,"Botpalád",625.5822
1336,"Botykapeterd",357.7818
639,"Bozzai",328.8023
502,"Bozsok",372.7711
3100,"Bózsva",204.8869
547,"Bõ",668.5489
530,"Bõcs",2903.598
2287,"Böde",324.8051
416,"Bödeháza",65.97134
1165,"Bögöt",394.7552
729,"Bögöte",336.7967
2653,"Böhönye",2451.016
1129,"Bököny",3396.135
655,"Bölcske",2882.618
3395,"Bõny",2230.216
1258,"Bõnyrétalap",
661,"Börcs",1211.108
2113,"Börzönce",65.97134
1550,"Bõsárkány",2162.278
2627,"Bõszénfa",543.6448
1347,"Bucsa",2546.928
3298,"Bucsu",611.593
2061,"Búcsúszentlászló",854.4017
798,"Bucsuta",226.8723
340,"Budajenõ",1687.699
2346,"Budakalász",10244.19
1205,"Budakeszi",13759.4
2327,"Budaörs",27019.39
1357,"Budapest",1691488
3282,"Bugac",2876.623
3363,"Bugacpusztaháza",312.8136
3202,"Bugyi",5195.389
1970,"Buj",2405.058
1423,"Buják",2240.207
1735,"Buzsák",1447.907
243,"Bük",3303.223
1359,"Bükkábrány",1702.686
2789,"Bükkaranyos",1524.841
1940,"Bükkmogyorósd",156.9177
2316,"Bükkösd",1218.102
296,"Bükkszék",809.4377
1062,"Bükkszenterzsébet",1191.125
802,"Bükkszentkereszt",1226.095
2209,"Bükkszentmárton",345.7903
3288,"Bükkzsérc",1064.231
753,"Bürüs",100.9517
870,"Büssü",408.7451
2397,"Büttös",228.871
827,"Cák",281.8351
2708,"Cakóháza",59.97453
1315,"Cece",2741.748
968,"Cégénydányád",691.5309
1134,"Cegléd",38149.25
2064,"Ceglédbercel",4482.091
2709,"Celldömölk",11712.62
366,"Cered",1259.068
987,"Chernelházadamonya",217.8783
2293,"Cibakháza",4513.061
393,"Cigánd",3333.195
1928,"Cikó",988.293
1595,"Cirák",586.6121
1108,"Cún",272.8413
3133,"Csabacsûd",2012.412
3407,"Csabaszabadi",383.7632
3054,"Csabdi",1210.109
3092,"Csabrendek",3140.377
1004,"Csáfordjánosfa",233.8677
1292,"Csaholc",524.6592
1607,"Csajág",893.3703
379,"Csákány",309.8157
391,"Csákánydoroszló",1828.575
536,"Csákberény",1216.104
2000,"Csákvár",5264.32
212,"Csanádalberti",487.6869
2045,"Csanádapáca",2844.653
537,"Csanádpalota",3179.34
2677,"Csánig",392.7567
1684,"Csány",2350.108
1990,"Csányoszró",766.4719
2229,"Csanytelek",3006.502
613,"Csapi",169.9095
856,"Csapod",553.6373
2550,"Csárdaszállás",504.6742
3061,"Csarnóta",144.9252
2941,"Csaroda",613.5914
1641,"Császár",1874.535
1047,"Császártöltés",2588.889
971,"Császló",384.7624
2647,"Csátalja",1633.746
2343,"Csatár",538.6486
3417,"Csataszög",354.7839
3310,"Csatka",289.8296
1637,"Csávoly",2009.415
2159,"Csebény",109.9464
3027,"Csécse",970.3077
2610,"Csegöld",682.538
2025,"Csehbánya",279.8365
1948,"Csehi",281.8351
1272,"Csehimindszent",405.7472
3364,"Csém",494.6817
518,"Csemõ",4354.215
2381,"Csempeszkopács",330.8009
3228,"Csengele",2052.376
3064,"Csenger",5218.366
2409,"Csengersima",724.5051
2685,"Csengerújfalu",854.4017
1234,"Csengõd",2287.165
907,"Csénye",673.545
849,"Csenyéte",514.6667
1827,"Csép",388.7596
1317,"Csépa",1912.501
1214,"Csepreg",3334.194
3019,"Csér",35.98663
2608,"Cserdi",410.7436
2568,"Cserénfa",234.867
697,"Cserépfalu",1060.234
2557,"Cserépváralja",488.6861
2193,"Cserháthaláp",403.7487
2259,"Cserhátsurány",872.3873
3231,"Cserhátszentiván",149.9221
579,"Cserkeszõlõ",2252.197
389,"Cserkút",528.6561
2845,"Csernely",874.3856
713,"Cserszegtomaj",2579.898
1064,"Csertalakos",39.9847
1385,"Csertõ",427.7312
2464,"Csesznek",575.6205
258,"Csesztreg",871.3881
2014,"Csesztve",329.8016
3169,"Csetény",1941.475
1847,"Csévharaszt",1968.451
1199,"Csibrák",357.7818
1569,"Csikéria",917.3509
3009,"Csikóstõttõs",894.3695
1350,"Csikvánd",534.6516
3411,"Csincse",601.6006
2606,"Csipkerek",396.7538
505,"Csitár",452.7128
533,"Csobád",712.5145
2077,"Csobaj",795.4489
682,"Csobánka",3099.415
2190,"Csókakõ",1310.025
597,"Csokonyavisonta",1596.778
1428,"Csokvaomány",938.3338
1892,"Csolnok",3450.084
1202,"Csólyospálos",1726.665
804,"Csoma",468.701
3311,"Csomád",1250.075
247,"Csombárd",290.8289
511,"Csongrád",18232.44
3114,"Csonkahegyhát",365.7761
2257,"Csonkamindszent",176.905
218,"Csopak",1938.478
977,"Csór",1796.603
403,"Csorna",10766.63
2670,"Csorvás",5591.994
3287,"Csót",1107.195
2749,"Csöde",87.95916
3281,"Csögle",711.5153
1245,"Csökmõ",2095.338
2431,"Csököly",1142.166
2727,"Csömend",336.7967
2936,"Csömödér",663.5528
2280,"Csömör",8438.086
2239,"Csönge",422.7349
3397,"Csörnyeföld",450.7143
3433,"Csörög",1950.467
422,"Csörötnek",934.3371
673,"Csõsz",1097.203
2698,"Csõvár",652.5613
2131,"Csurgó",5575.011
1060,"Csurgónagymarton",184.8999
924,"Dabas",16450.43
1717,"Dabronc",508.6712
2823,"Dabrony",426.7319
3316,"Dad",1099.202
2291,"Dág",975.3036
2015,"Dáka",653.5605
2923,"Dalmand",1394.952
1135,"Damak",280.8358
771,"Dámóc",423.7341
3181,"Dánszentmiklós",2926.577
1839,"Dány",4381.189
1599,"Daraboshegy",100.9517
3135,"Darány",1027.261
1879,"Darnó",200.8895
2186,"Darnózseli",1579.793
3434,"Daruszentmiklós",1348.991
1467,"Darvas",683.5372
1053,"Dávod",2200.243
732,"Debercsény",77.96478
1513,"Debrecen",205811.7
3195,"Debréte",16.99501
2498,"Decs",4307.261
468,"Dédestapolcsány",1580.792
3275,"Dég",2348.109
1251,"Dejtár",1467.89
997,"Délegyháza",2984.523
1775,"Demecser",4497.076
866,"Demjén",656.5582
777,"Dencsháza",622.5845
3259,"Dénesfa",397.7531
557,"Derecske",9267.218
783,"Derekegyház",1762.633
2407,"Deszk",3529.01
1052,"Detek",294.8261
920,"Detk",1212.107
2481,"Dévaványa",8495.026
3227,"Devecser",5179.405
1195,"Dinnyeberki",100.9517
1168,"Diósberény",380.7653
2401,"Diósd",7922.621
674,"Diósjenõ",3017.492
2877,"Dióskál",544.644
3237,"Diósviszló",743.4901
1087,"Doba",513.6674
3319,"Doboz",4592.982
2588,"Dobri",197.8915
3270,"Dobronhegy",161.9146
494,"Dobsza",
3053,"Dóc",796.4481
2569,"Domaháza",973.3053
1338,"Domaszék",4654.921
2403,"Dombegyház",2312.142
2213,"Dombiratos",679.5403
768,"Dombóvár",20208.21
1450,"Dombrád",4327.241
480,"Domony",2073.357
751,"Domoszló",2157.282
3026,"Dormánd",1060.234
1049,"Dorog",12753.49
2443,"Dorogháza",1178.136
1615,"Dozmat",204.8869
2069,"Döbörhegy",169.9095
778,"Döbröce",71.96808
256,"Döbrököz",2132.304
2947,"Döbrönte",268.844
364,"Döge",2227.219
659,"Dömös",1208.111
2964,"Dömsöd",6078.506
2191,"Dör",614.5906
636,"Dörgicse",315.8115
303,"Döröske",102.9505
1600,"Dötk",29.98942
612,"Dövény",307.8171
752,"Drágszél",382.7639
2861,"Drávacsehi",237.865
2812,"Drávacsepely",245.8596
1741,"Drávafok",565.6281
1361,"Drávagárdony",158.9165
3239,"Drávaiványi",224.8737
915,"Drávakeresztúr",145.9246
2273,"Drávapalkonya",307.8171
1238,"Drávapiski",97.95342
2860,"Drávaszabolcs",706.5192
3003,"Drávaszerdahely",220.8763
2169,"Drávasztára",483.6898
1588,"Drávatamási",396.7538
815,"Drégelypalánk",1598.776
2766,"Dubicsány",336.7967
293,"Dudar",1793.606
292,"Duka",284.833
3383,"Dunaalmás",1519.845
2536,"Dunabogdány",3125.391
2106,"Dunaegyháza",1532.834
1256,"Dunafalva",987.2939
3150,"Dunaföldvár",9219.269
958,"Dunaharaszti",19283.26
1861,"Dunakeszi",35411.52
2773,"Dunakiliti",1885.525
786,"Dunapataj",3564.975
207,"Dunaremete",252.8549
2107,"Dunaszeg",1935.48
918,"Dunaszekcsõ",2132.304
1160,"Dunaszentbenedek",914.3533
953,"Dunaszentgyörgy",2650.832
2410,"Dunaszentmiklós",424.7334
1587,"Dunaszentpál",711.5153
1045,"Dunasziget",1499.862
1476,"Dunatetétlen",613.5914
311,"Dunaújváros",50673.04
2053,"Dunavarsány",6920.651
761,"Dunavecse",4154.409
410,"Dusnok",3292.234
1920,"Dúzs",287.8309
2634,"Ebergõc",153.9196
1461,"Ebes",4596.979
1670,"Écs",1877.532
1718,"Ecséd",3423.11
425,"Ecseg",1228.094
943,"Ecsegfalva",1416.933
1086,"Ecseny",239.8637
2451,"Ecser",3557.982
348,"Edde",226.8723
1072,"Edelény",10825.57
2244,"Edve",149.9221
2049,"Eger",55609.96
2891,"Egerág",1045.246
3387,"Egeralja",234.867
2426,"Egeraracsa",363.7775
1282,"Egerbakta",1538.828
2601,"Egerbocs",607.596
1661,"Egercsehi",1528.837
298,"Egerfarmos",735.4964
586,"Egerlövõ",600.6014
2475,"Egerszalók",1893.518
1364,"Egerszólát",1140.167
1335,"Égerszög",65.97134
3342,"Egervár",1073.223
2879,"Egervölgy",390.7581
2028,"Egyed",569.6251
1574,"Egyek",5721.864
1765,"Egyházasdengeleg",516.6652
1523,"Egyházasfalu",910.3566
598,"Egyházasgerge",792.4513
1649,"Egyházasharaszti",321.8073
1023,"Egyházashetye",392.7567
3042,"Egyházashollós",587.6114
1044,"Egyházaskeszõ",533.6524
2740,"Egyházaskozár",842.4114
2594,"Egyházasrádóc",1353.987
3295,"Elek",5280.305
609,"Ellend",255.8529
2035,"Elõszállás",2471.997
467,"Emõd",5466.12
3304,"Encs",6770.804
3232,"Encsencs",2036.391
2549,"Endrefalva",1304.03
2827,"Endrõc",424.7334
1503,"Enese",1751.643
280,"Enying",7272.292
2299,"Eperjes",611.593
1852,"Eperjeske",1248.077
3394,"Eplény",550.6395
2963,"Epöl",654.5598
2360,"Ercsi",8910.593
3098,"Érd",63202.51
2532,"Erdõbénye",1353.987
2250,"Erdõhorváti",664.552
1348,"Erdõkertes",7319.243
2855,"Erdõkövesd",649.5637
2265,"Erdõkürt",562.6304
2582,"Erdõsmárok",99.95226
1870,"Erdõsmecske",423.7341
2179,"Erdõtarcsa",610.5938
2423,"Erdõtelek",3552.987
2011,"Erk",937.3347
1085,"Érpatak",1803.597
1186,"Érsekcsanád",2941.563
3358,"Érsekhalma",678.5411
2158,"Érsekvadkert",3834.717
844,"Értény",785.4568
1349,"Erzsébet",328.8023
2546,"Esztár",1414.935
617,"Eszteregnye",734.4972
1576,"Esztergályhorváti",483.6898
2513,"Esztergom",30354.5
666,"Ete",634.5753
1537,"Etes",1493.867
231,"Etyek",4126.436
2325,"Fábiánháza",1934.481
1997,"Fábiánsebestyén",2255.194
2419,"Fácánkert",730.5004
1898,"Fadd",4476.096
274,"Fáj",357.7818
323,"Fajsz",1882.527
1255,"Fancsal",367.7746
3399,"Farád",1997.425
1025,"Farkasgyepû",383.7632
3427,"Farkaslyuk",2020.405
912,"Farmos",3702.844
1783,"Fazekasboda",205.8862
1243,"Fedémes",351.7861
1664,"Fegyvernek",7156.411
1897,"Fehérgyarmat",8314.215
695,"Fehértó",509.6704
3220,"Fehérvárcsurgó",1904.508
454,"Feked",217.8783
3271,"Feketeerdõ",491.6839
2993,"Felcsút",1778.619
2074,"Feldebrõ",1152.157
2264,"Felgyõ",1343.996
3325,"Felpéc",883.3784
817,"Felsõberecki",314.8122
1358,"Felsõcsatár",477.6943
974,"Felsõdobsza",965.3118
1328,"Felsõegerszeg",149.9221
2970,"Felsõgagy",177.9044
801,"Felsõjánosfa",213.881
3172,"Felsõkelecsény",438.7231
3359,"Felsõlajos",1015.271
2984,"Felsõmarác",282.8344
1398,"Felsõmocsolád",476.6951
1582,"Felsõnána",685.5356
3276,"Felsõnyárád",1066.229
1791,"Felsõnyék",1140.167
2436,"Felsõörs",1529.836
1164,"Felsõpáhok",631.5776
603,"Felsõpakony",3298.228
2432,"Felsõpetény",667.5497
2147,"Felsõrajk",784.4576
758,"Felsõregmec",313.8129
3089,"Felsõszenterzsébet",16.99501
295,"Felsõszentiván",2013.411
881,"Felsõszentmárton",1044.247
2328,"Felsõszölnök",620.5861
1632,"Felsõtárkány",3568.971
3167,"Felsõtelekes",836.4161
3331,"Felsõtold",166.9114
2353,"Felsõvadász",548.6411
284,"Felsõzsolca",7276.288
2241,"Fényeslitke",2540.933
3067,"Fenyõfõ",136.9301
1899,"Ferencszállás",673.545
1125,"Fertõboz",259.8501
988,"Fertõd",3368.162
948,"Fertõendréd",636.5737
1065,"Fertõhomok",587.6114
1241,"Fertõrákos",2286.166
1534,"Fertõszentmiklós",3775.774
3144,"Fertõszéplak",1247.078
3164,"Fiad",182.9012
2523,"Filkeháza",118.941
1918,"Fityeház",695.5278
214,"Foktõ",1694.693
3401,"Folyás",408.7451
2202,"Fonó",326.8037
1793,"Fony",387.7603
1463,"Fonyód",5388.197
3302,"Forráskút",2178.263
3048,"Forró",2598.88
3261,"Fót",18063.63
921,"Földeák",3339.189
325,"Földes",4312.256
2270,"Fõnyed",93.95573
2212,"Fulókércs",385.7617
1699,"Furta",1222.099
611,"Füle",899.3655
1079,"Fülesd",500.6772
2215,"Fülöp",1837.567
3146,"Fülöpháza",945.3281
3362,"Fülöpjakab",1153.157
1405,"Fülöpszállás",2468.999
1437,"Fülpösdaróc",341.7932
1795,"Fürged",758.4783
1710,"Füzér",517.6644
646,"Füzérkajata",133.932
1137,"Füzérkomlós",395.7545
1036,"Füzérradvány",415.74
327,"Füzesabony",8226.307
1225,"Füzesgyarmat",6268.314
1653,"Fûzvölgy",136.9301
1817,"Gáborján",960.3159
1751,"Gáborjánháza",86.95972
1372,"Gacsály",917.3509
2826,"Gadács",135.9307
2622,"Gadány",377.7675
549,"Gadna",263.8474
951,"Gádoros",4126.436
2873,"Gagyapáti",32.98804
2830,"Gagybátor",221.8757
374,"Gagyvendégi",229.8703
1299,"Galambok",1307.027
2566,"Galgaguta",725.5043
1329,"Galgagyörk",1087.212
1950,"Galgahévíz",2547.927
2712,"Galgamácsa",1943.473
658,"Gálosfa",329.8016
1929,"Galvács",110.9458
645,"Gamás",832.4194
1274,"Ganna",319.8087
1575,"Gánt",826.4242
3184,"Gara",2453.014
1849,"Garáb",60.97401
1294,"Garabonc",770.4688
1090,"Garadna",460.7069
499,"Garbolc",149.9221
1029,"Gárdony",9382.098
756,"Garé",332.7995
3090,"Gasztony",477.6943
2638,"Gátér",1055.238
580,"Gávavencsellõ",3883.67
362,"Géberjén",557.6342
929,"Gecse",448.7158
357,"Géderlak",1075.221
567,"Gégény",2088.344
2371,"Gelej",669.5481
461,"Gelénes",600.6014
806,"Gellénháza",1659.724
1208,"Gelse",1160.151
908,"Gelsesziget",271.8419
1300,"Gemzse",856.4001
2418,"Gencsapáti",2541.932
2615,"Gérce",1192.124
1275,"Gerde",614.5906
739,"Gerendás",1474.884
1334,"Gerényes",276.8385
285,"Geresdlak",894.3695
573,"Gerjen",1307.027
3094,"Gersekarát",771.468
1739,"Geszt",843.4106
1560,"Gesztely",2945.559
2889,"Geszteréd",1915.498
2003,"Gétye",127.9356
2096,"Gibárt",372.7711
1671,"Gic",411.7429
917,"Gige",403.7487
1833,"Gilvánfa",426.7319
2156,"Girincs",829.4218
1819,"Gógánfa",827.4233
1313,"Golop",646.566
944,"Gomba",2991.516
1761,"Gombosszeg",39.9847
1115,"Gór",289.8296
3308,"Gordisa",288.8303
1356,"Gosztola",48.98023
2364,"Göd",16997.82
3255,"Gödöllõ",31655.96
3323,"Gödre",1005.279
3057,"Gölle",1058.235
970,"Gömörszõlõs",84.96085
1593,"Gönc",2292.16
1864,"Göncruszka",661.5543
206,"Gönyû",3169.35
1656,"Görbeháza",2588.889
3043,"Görcsöny",1685.701
963,"Görcsönydoboka",426.7319
1459,"Görgeteg",1196.121
2977,"Gõsfa",323.8058
2672,"Grábóc",189.8967
2944,"Gulács",977.3021
209,"Gutorfölde",1130.176
2562,"Gyál",23261.73
1796,"Gyalóka",76.96533
2703,"Gyanógeregye",172.9076
2686,"Gyarmat",1333.005
3096,"Gyékényes",1060.234
2330,"Gyenesdiás",3561.978
2867,"Gyepükaján",394.7552
652,"Gyermely",1386.959
1831,"Gyód",684.5364
3345,"Gyomaendrõd",14957.08
2384,"Gyóró",404.748
2040,"Gyömöre",1340.998
2973,"Gyömrõ",15277.73
2840,"Gyöngyfa",128.935
523,"Gyöngyös",32089.46
1194,"Gyöngyösfalu",1143.165
1753,"Gyöngyöshalász",2666.818
2266,"Gyöngyösmellék",329.8016
1333,"Gyöngyösoroszi",1532.834
832,"Gyöngyöspata",2741.748
1912,"Gyöngyössolymos",3203.318
2808,"Gyöngyöstarján",2486.983
3028,"Gyönk",2060.369
2558,"Gyõr",126414.9
872,"Gyõrasszonyfa",536.6501
2553,"Györe",695.5278
506,"Györgytarló",618.5876
1232,"Györköny",1028.26
1319,"Gyõrladamér",1467.89
2894,"Gyõröcske",145.9246
3131,"Gyõrság",1470.887
1930,"Gyõrsövényház",818.4305
1565,"Gyõrszemere",3063.449
1012,"Gyõrtelek",1746.647
748,"Gyõrújbarát",5596.989
3178,"Gyõrújfalu",1278.052
972,"Gyõrvár",681.5388
1522,"Gyõrzámoly",2136.301
2390,"Gyugy",288.8303
503,"Gyula",32351.14
767,"Gyulaháza",2118.317
3035,"Gyulaj",1038.252
952,"Gyulakeszi",736.4956
1591,"Gyúró",1209.11
1955,"Gyügye",263.8474
3377,"Gyüre",1300.033
1253,"Gyûrûs",102.9505
1863,"Hács",409.7443
1093,"Hagyárosbörönd",323.8058
1026,"Hahót",1163.148
2617,"Hajdúbagos",2042.385
304,"Hajdúböszörmény",32068.48
1280,"Hajdúdorog",9217.271
1039,"Hajdúhadház",13313.88
3350,"Hajdúhadháztéglás",
2240,"Hajdúnánás",18208.47
3109,"Hajdúsámson",12531.73
517,"Hajdúszoboszló",23775.14
1747,"Hajdúszovát",3191.329
2583,"Hajmás",253.8542
1536,"Hajmáskér",3125.391
1875,"Hajós",3312.215
2945,"Halastó",112.9446
2679,"Halászi",2989.518
969,"Halásztelek",8471.052
789,"Halimba",1224.097
2794,"Halmaj",1779.618
1141,"Halmajugra",1348.991
1067,"Halogy",307.8171
1122,"Hangács",666.5504
2510,"Hangony",1796.603
2342,"Hantos",982.298
571,"Harasztifalu",178.9037
1416,"Harc",944.3289
764,"Harka",1637.743
835,"Harkakötöny",908.3582
2152,"Harkány",3910.644
883,"Háromfa",834.4178
1270,"Háromhuta",155.9183
584,"Harsány",2146.292
2556,"Hárskút",673.545
1845,"Harta",3751.797
2788,"Hásságy",293.8268
2230,"Hatvan",22176.98
1230,"Hédervár",1146.162
1672,"Hedrehely",487.6869
242,"Hegyesd",178.9037
1790,"Hegyeshalom",3602.939
3218,"Hegyfalu",782.4592
1499,"Hegyháthodász",184.8999
3095,"Hegyhátmaróc",192.8947
3021,"Hegyhátsál",167.9108
1803,"Hegyhátszentjakab",292.8275
2183,"Hegyhátszentmárton",62.97294
822,"Hegyhátszentpéter",169.9095
1840,"Hegykõ",1355.985
2580,"Hegymagas",287.8309
246,"Hegymeg",130.9338
2102,"Hegyszentmárton",470.6995
399,"Héhalom",1035.255
2218,"Hejce",271.8419
665,"Hejõbába",1986.435
460,"Hejõkeresztúr",1083.215
228,"Hejõkürt",315.8115
1678,"Hejõpapi",1294.038
1215,"Hejõszalonta",827.4233
1719,"Helesfa",555.6357
409,"Helvécia",4329.239
2939,"Hencida",1313.022
994,"Hencse",393.7559
3355,"Herceghalom",1778.619
3013,"Hercegkút",715.5121
1293,"Hercegszántó",2178.263
2024,"Heréd",2047.381
1189,"Héreg",1063.231
532,"Herencsény",682.538
2365,"Herend",3578.962
2484,"Heresznye",307.8171
1206,"Hermánszeg",278.8372
984,"Hernád",4111.451
1583,"Hernádbûd",151.9208
939,"Hernádcéce",212.8816
2416,"Hernádkak",1684.702
2182,"Hernádkércs",341.7932
3120,"Hernádnémeti",3805.745
2488,"Hernádpetri",226.8723
1713,"Hernádszentandrás",485.6884
2497,"Hernádszurdok",216.879
1984,"Hernádvécse",907.359
1989,"Hernyék",101.9511
800,"Hét",546.6426
561,"Hetefejércse",266.8454
992,"Hetes",1161.15
712,"Hetvehely",508.6712
1508,"Hetyefõ",97.95342
1452,"Heves",11481.86
1024,"Hevesaranyos",712.5145
408,"Hevesvezekény",711.5153
381,"Hévíz",4950.631
1394,"Hévízgyörk",3083.43
679,"Hidas",2268.182
1169,"Hidasnémeti",1161.15
2075,"Hidegkút",429.7297
2337,"Hidegség",348.7882
2567,"Hidvégardó",696.527
2793,"Himesháza",1148.161
402,"Himod",717.5106
328,"Hirics",249.8569
3393,"Hobol",1012.273
1301,"Hodász",3484.052
831,"Hódmezõvásárhely",47379.08
621,"Hollád",278.8372
3116,"Hollóháza",1039.251
3324,"Hollókõ",369.7732
2781,"Homokbödöge",766.4719
2487,"Homokkomárom",236.8657
2784,"Homokmégy",1535.831
1915,"Homokszentgyörgy",1229.093
2996,"Homorúd",666.5504
2123,"Homrogd",996.2865
1320,"Hont",567.6266
1371,"Horpács",174.9063
414,"Hort",3850.702
411,"Hortobágy",1609.767
2307,"Horváthertelend",86.95972
1273,"Horvátlövõ",220.8763
1688,"Horvátzsidány",816.4322
3083,"Hosszúhetény",3395.136
626,"Hosszúpályi",5962.623
2088,"Hosszúpereszteg",739.4933
3077,"Hosszúvíz",54.97715
1120,"Hosszúvölgy",192.8947
725,"Hosztót",103.9499
2832,"Hottó",359.7804
2605,"Hõgyész",3057.455
1002,"Hövej",337.796
1687,"Hugyag",909.3574
3329,"Hunya",740.4925
3405,"Hunyadfalva",231.869
3143,"Husztót",72.96753
3306,"Ibafa",234.867
318,"Iborfia",15.9954
2563,"Ibrány",7085.483
1119,"Igal",1274.055
1773,"Igar",1062.232
2539,"Igrici",1333.005
1961,"Iharos",525.6584
2778,"Iharosberény",1380.964
1138,"Ikervár",1798.602
330,"Iklad",2151.287
2950,"Iklanberény",38.98519
1392,"Iklódbördõce",327.803
2060,"Ikrény",1845.56
2683,"Iliny",187.8979
965,"Ilk",1338.001
3193,"Illocska",251.8556
1657,"Imola",114.9434
809,"Imrehegy",768.4703
808,"Ináncs",1281.049
3210,"Inárcs",4467.105
2630,"Inke",1272.057
2994,"Ipacsfa",237.865
2809,"Ipolydamásd",380.7653
150,"Ipolyszög",685.5356
332,"Ipolytarnóc",509.6704
497,"Ipolytölgyes",318.8094
2931,"Ipolyvece",887.3751
470,"Iregszemcse",2800.694
500,"Irota",99.95226
780,"Isaszeg",10974.41
797,"Ispánk",113.944
1007,"Istenmezeje",1762.633
2133,"Istvándi",681.5388
3201,"Iszkaszentgyörgy",1935.48
2801,"Iszkáz",393.7559
220,"Isztimér",939.333
1387,"Ivád",420.7363
3163,"Iván",1377.967
333,"Ivánbattyán",148.9227
3168,"Ivánc",697.5262
1346,"Iváncsa",2880.62
334,"Ivándárda",262.8481
2771,"Izmény",541.6464
2199,"Izsák",6144.439
559,"Izsófalva",1858.549
932,"Jágónak",266.8454
1395,"Ják",2562.913
1792,"Jakabszállás",2735.754
640,"Jákfa",545.6433
2023,"Jákfalva",535.6509
1592,"Jákó",678.5411
1707,"Jánd",850.4049
784,"Jánkmajtis",1769.627
946,"Jánoshalma",9704.757
1167,"Jánosháza",2719.769
2285,"Jánoshida",2741.748
2922,"Jánossomorja",6022.563
2665,"Járdánháza",1934.481
1758,"Jármi",1310.025
1743,"Jásd",810.437
2292,"Jászágó",746.4877
3071,"Jászalsószentgyörgy",3839.713
2220,"Jászapáti",9364.116
2210,"Jászárokszállás",8254.277
1820,"Jászberény",27658.65
1581,"Jászboldogháza",1755.639
1797,"Jászdózsa",2283.168
2357,"Jászfelsõszentgyörgy",1845.56
2333,"Jászfényszaru",5894.691
2408,"Jászivány",413.7414
2518,"Jászjákóhalma",3090.424
1100,"Jászkarajenõ",2934.569
2279,"Jászkisér",5876.709
2111,"Jászladány",6000.584
1351,"Jászszentandrás",2592.886
837,"Jászszentlászló",2603.875
2313,"Jásztelek",1682.703
1314,"Jéke",783.4584
1597,"Jenõ",1299.034
664,"Jobaháza",574.6213
871,"Jobbágyi",2225.221
1568,"Jósvafõ",332.7995
1727,"Juta",1254.072
230,"Kaba",6415.166
2296,"Kacorlak",241.8623
3299,"Kács",569.6251
429,"Kacsóta",275.8392
2645,"Kadarkút",2717.771
1211,"Kajárpéc",1358.983
2134,"Kajászó",1097.203
1410,"Kajdacs",1348.991
203,"Kakasd",1769.627
641,"Kákics",225.873
3223,"Kakucs",2758.733
3217,"Kál",3719.827
2379,"Kalaznó",199.8902
2995,"Káld",1175.138
864,"Kálló",1644.737
553,"Kallósd",93.95573
3140,"Kállósemjén",4020.539
610,"Kálmáncsa",681.5388
2722,"Kálmánháza",2006.417
2150,"Kálócfa",188.8973
644,"Kalocsa",17888.83
1668,"Káloz",2578.898
464,"Kám",438.7231
1914,"Kamond",453.7121
427,"Kamut",1145.163
776,"Kánó",173.907
267,"Kántorjánosi",2203.241
2574,"Kány",67.97025
527,"Kánya",485.6884
447,"Kányavár",146.924
1455,"Kapolcs",418.7378
1530,"Kápolna",1593.781
2192,"Kápolnásnyék",3509.029
3339,"Kapoly",700.5239
909,"Kaposfõ",1723.667
2881,"Kaposgyarmat",119.9404
2586,"Kaposhomok",493.6824
1266,"Kaposkeresztúr",361.7789
1822,"Kaposmérõ",2569.907
2329,"Kapospula",936.3354
1573,"Kaposújlak",743.4901
2047,"Kaposvár",67382.27
1896,"Kaposszekcsõ",1538.828
642,"Kaposszerdahely",1054.239
1427,"Káptalanfa",917.3509
563,"Káptalantóti",486.6876
2833,"Kapuvár",10755.64
535,"Kára",63.97241
593,"Karácsond",3239.284
526,"Karád",1734.658
1091,"Karakó",218.8777
874,"Karakószörcsök",322.8065
1862,"Karancsalja",1637.743
2554,"Karancsberény",950.324
885,"Karancskeszi",2003.42
2104,"Karancslapujtõ",2869.63
2689,"Karancsság",1220.101
599,"Kárász",364.7768
492,"Karcag",21801.4
2121,"Karcsa",1988.433
2479,"Kardos",730.5004
1217,"Kardoskút",949.3249
1804,"Karmacs",775.4648
3435,"Károlyháza",568.6259
3050,"Karos",554.6365
3069,"Kartal",5920.665
1746,"Kásád",338.7953
3060,"Kaskantyú",1024.264
841,"Kastélyosdombó",294.8261
2275,"Kaszaper",2099.334
3419,"Kaszó",146.924
696,"Katádfa",177.9044
2662,"Katafa",387.7603
1913,"Kátoly",364.7768
1128,"Katymár",2332.124
2782,"Káva",635.5745
3206,"Kávás",248.8576
2838,"Kazár",2060.369
669,"Kazincbarcika",31358.32
1337,"Kázsmárk",1041.25
2688,"Kazsok",357.7818
1978,"Kecel",8960.54
452,"Kecskéd",2006.417
2668,"Kecskemét",110600.7
3290,"Kehidakustány",1185.13
2843,"Kék",2044.383
1435,"Kékcse",1629.75
1526,"Kéked",243.861
1680,"Kékesd",205.8862
2603,"Kékkút",95.95458
2757,"Kelebia",2916.586
3203,"Keléd",87.95916
1203,"Kelemér",538.6486
1816,"Kéleshalom",500.6772
1744,"Kelevíz",382.7639
1999,"Kemecse",5070.512
2234,"Kemence",1054.239
2535,"Kemendollár",531.6539
1973,"Kemeneshõgyész",532.6531
1691,"Kemeneskápolna",108.947
1224,"Kemenesmagasi",968.3094
1342,"Kemenesmihályfa",562.6304
2099,"Kemenespálfa",477.6943
2448,"Kemenessömjén",630.5783
2008,"Kemenesszentmárton",225.873
1247,"Kemenesszentpéter",680.5396
607,"Keménfa",110.9458
1054,"Kémes",529.6554
2271,"Kemestaródfa",247.8583
678,"Kemse",71.96808
1714,"Kenderes",5104.479
257,"Kenéz",290.8289
545,"Kenézlõ",1418.932
741,"Kengyel",3849.703
993,"Kenyeri",961.3151
2659,"Kercaszomor",258.8508
1438,"Kercseliget",492.6832
2807,"Kerecsend",2332.124
3152,"Kerecseny",276.8385
2253,"Kerekegyháza",6306.276
3437,"Kerekharaszt",1045.246
459,"Kereki",577.619
1099,"Kerékteleki",717.5106
3416,"Kerepes",10017.43
3068,"Kerepestarcsa",
1706,"Keresztéte",34.9871
2948,"Kerkabarabás",299.8226
1511,"Kerkafalva",120.9398
2208,"Kerkakutas",148.9227
1976,"Kerkáskápolna",96.954
957,"Kerkaszentkirály",276.8385
3264,"Kerkateskánd",174.9063
3286,"Kérsemjén",333.7988
2565,"Kerta",680.5396
1261,"Kertészsziget",450.7143
3141,"Keszeg",692.5302
2924,"Kesznyéten",1895.516
1764,"Keszõhidegkút",244.8603
1842,"Keszthely",20635.73
2957,"Kesztölc",2664.82
383,"Keszü",1291.041
1184,"Kétbodony",492.6832
346,"Kétegyháza",4126.436
1117,"Kéthely",2427.038
1981,"Kétpó",741.4917
310,"Kétsoprony",1487.873
857,"Kétújfalu",734.4972
1934,"Kétvölgy",141.927
2173,"Kéty",728.502
3157,"Kevermes",2240.207
3226,"Kilimán",259.8501
1474,"Kimle",2317.138
234,"Kincsesbánya",1527.838
3209,"Királd",930.3403
2055,"Királyegyháza",1042.249
1366,"Királyhegyes",685.5356
542,"Királyszentistván",492.6832
793,"Kisapáti",387.7603
1263,"Kisapostag",1461.895
1942,"Kisar",1084.214
1905,"Kisasszond",183.9005
1890,"Kisasszonyfa",228.871
241,"Kisbabot",228.871
2724,"Kisbágyon",455.7106
2288,"Kisbajcs",821.4282
2438,"Kisbajom",425.7327
2449,"Kisbárapáti",498.6787
2629,"Kisbárkány",244.8603
1733,"Kisbér",5740.845
3082,"Kisberény",175.9057
2907,"Kisberzseny",105.9488
572,"Kisbeszterce",90.95745
781,"Kisbodak",370.7725
2137,"Kisbucsa",458.7084
2286,"Kisbudmér",129.9344
1734,"Kiscsécs",193.8941
1624,"Kiscsehi",183.9005
2370,"Kiscsõsz",135.9307
1118,"Kisdér",121.9392
3390,"Kisdobsza",275.8392
1883,"Kisdombegyház",558.6335
1771,"Kisdorog",836.4161
3320,"Kisecset",204.8869
3369,"Kisfalud",799.4457
2246,"Kisfüzes",160.9152
981,"Kisgörbõ",198.8908
482,"Kisgyalán",217.8783
2284,"Kisgyõr",1700.688
683,"Kishajmás",236.8657
2702,"Kisharsány",555.6357
3340,"Kishartyán",611.593
1697,"Kisherend",207.8849
850,"Kishódos",94.95515
2887,"Kishuta",334.7981
2092,"Kisigmánd",538.6486
1284,"Kisjakabfalva",162.9139
1991,"Kiskassa",291.8282
376,"Kiskinizs",353.7846
1378,"Kiskorpád",925.3444
1828,"Kisköre",3126.39
934,"Kiskõrös",14873.18
2029,"Kiskunfélegyháza",31531.11
3243,"Kiskunhalas",30007.9
1081,"Kiskunlacháza",8994.505
2439,"Kiskunmajsa",11941.37
2031,"Kiskutas",202.8882
2899,"Kisláng",2650.832
2847,"Kisléta",1770.626
2161,"Kislippó",291.8282
3017,"Kislõd",1304.03
651,"Kismányok",383.7632
1547,"Kismarja",1358.983
3373,"Kismaros",1920.494
1603,"Kisnamény",363.7775
1250,"Kisnána",1081.216
522,"Kisnémedi",698.5255
3321,"Kisnyárád",226.8723
2985,"Kisoroszi",913.3541
2930,"Kispalád",602.5999
1608,"Kispáli",266.8454
428,"Kispirit",100.9517
1114,"Kisrákos",233.8677
3272,"Kisrécse",195.8928
1144,"Kisrozvágy",209.8836
1470,"Kissikátor",349.7875
595,"Kissomlyó",258.8508
1235,"Kistamási",140.9277
315,"Kistapolca",211.8823
3415,"Kistarcsa",10627.78
3102,"Kistelek",7532.024
1239,"Kistokaj",2006.417
2094,"Kistolmács",192.8947
386,"Kistormás",362.7782
1074,"Kistótfalu",350.7868
2591,"Kisújszállás",12212.08
250,"Kisunyom",403.7487
926,"Kisvárda",18060.63
1267,"Kisvarsány",1043.248
1636,"Kisvásárhely",58.97506
954,"Kisvaszar",355.7832
3118,"Kisvejke",454.7114
2666,"Kiszombor",4282.285
1548,"Kiszsidány",100.9517
2815,"Kisszállás",2702.784
2776,"Kisszékely",378.7668
975,"Kisszekeres",607.596
865,"Kisszentmárton",286.8316
1305,"Kissziget",180.9025
2300,"Kisszõlõs",138.9289
825,"Klárafalva",526.6577
251,"Kocs",2659.824
3277,"Kocsér",1965.454
2243,"Kocsola",1344.995
744,"Kocsord",3044.467
3136,"Kóka",4492.081
1745,"Kokad",690.5317
3018,"Kolontár",834.4178
216,"Komádi",6082.502
544,"Komárom",19633.87
1061,"Komjáti",300.8219
2640,"Komló",26941.48
2233,"Komlódtótfalu",119.9404
985,"Komlósd",192.8947
1655,"Komlóska",328.8023
2714,"Komoró",1438.915
2399,"Kompolt",2204.24
3249,"Kondó",668.5489
1302,"Kondorfa",568.6259
1028,"Kondoros",5572.014
1126,"Kóny",2726.762
2596,"Konyár",2293.159
689,"Kópháza",1985.436
2118,"Koppányszántó",392.7567
2295,"Korlát",327.803
2463,"Koroncó",1996.426
811,"Kórós",248.8576
2768,"Kosd",2410.053
2467,"Kóspallag",745.4885
2372,"Kótaj",4533.041
2422,"Kovácshida",282.8344
1451,"Kovácsszénája",67.97025
2854,"Kovácsvágás",651.5621
1384,"Kozárd",179.9031
633,"Kozármisleny",5630.955
1308,"Kozmadombja",50.97921
2524,"Köblény",273.8406
419,"Köcsk",294.8261
354,"Kökény",646.566
1374,"Kõkút",605.5976
1666,"Kölcse",1371.972
1046,"Kölesd",1564.806
1789,"Kölked",1141.167
1453,"Kömlõ",2012.412
763,"Kömlõd",1102.199
2361,"Kömörõ",579.6175
1380,"Kömpöc",775.4648
1353,"Körmend",12093.21
3055,"Környe",4604.971
2660,"Köröm",1381.963
1551,"Kõröshegy",1470.887
1161,"Körösladány",4979.602
1076,"Körösnagyharsány",679.5403
1290,"Köröstarcsa",2849.648
3297,"Kõröstetétlen",862.3953
3016,"Körösújfalu",641.5698
3113,"Körösszakál",877.3832
894,"Körösszegapáti",1014.272
3065,"Kõszárhegy",1558.811
1683,"Kõszeg",11581.76
574,"Kõszegdoroszló",250.8562
2604,"Kõszegpaty",214.8803
2010,"Kõszegszerdahely",513.6674
1814,"Kötcse",551.6388
680,"Kötegyán",1569.802
1123,"Kõtelek",1702.686
2345,"Kõvágóörs",905.3606
1553,"Kõvágószõlõs",1391.955
699,"Kõvágótöttös",345.7903
995,"Kövegy",467.7018
2585,"Köveskál",435.7253
1957,"Krasznokvajda",573.6221
3420,"Kulcs",2417.047
585,"Kunadacs",1638.742
1604,"Kunágota",3025.484
604,"Kunbaja",1753.641
772,"Kunbaracs",650.5629
525,"Kuncsorba",714.5129
2902,"Kunfehértó",2262.187
2256,"Kunhegyes",8419.105
2317,"Kunmadaras",5888.697
3191,"Kunpeszér",675.5435
3189,"Kunszállás",1717.673
3250,"Kunszentmárton",9231.256
2813,"Kunszentmiklós",8812.695
3162,"Kunsziget",1208.111
2654,"Kup",475.6958
1872,"Kupa",179.9031
2050,"Kurd",1282.048
1181,"Kurityán",1755.639
1947,"Kustánszeg",546.6426
2885,"Kutas",1536.83
1945,"Kutasó",109.9464
1441,"Kübekháza",1597.777
3222,"Külsõsárd",89.95802
1614,"Külsõvat",800.4449
406,"Küngös",586.6121
1525,"Lábatlan",5335.25
2829,"Lábod",2137.3
2084,"Lácacséke",413.7414
1625,"Lad",668.5489
578,"Ladánybene",1716.674
2623,"Ládbesenyõ",320.808
750,"Lajoskomárom",2442.024
1767,"Lajosmizse",11666.67
1585,"Lak",646.566
3379,"Lakhegy",493.6824
620,"Lakitelek",4681.895
1104,"Lakócsa",626.5814
3333,"Lánycsók",2735.754
1460,"Lápafõ",196.8921
647,"Lapáncsa",222.875
2129,"Laskod",1073.223
343,"Lasztonya",114.9434
1486,"Látrány",1417.933
437,"Lázi",582.6152
3080,"Leányfalu",3266.258
2548,"Leányvár",1750.644
3366,"Lébény",3184.335
3039,"Legénd",518.6637
1166,"Legyesbénye",1682.703
353,"Léh",477.6943
703,"Lénárddaróc",314.8122
2748,"Lendvadedes",36.98615
1147,"Lendvajakabfa",27.99033
2441,"Lengyel",610.5938
2667,"Lengyeltóti",3351.178
1257,"Lenti",8581.936
726,"Lepsény",3328.2
1757,"Lesencefalu",326.8037
2196,"Lesenceistvánd",983.2971
1787,"Lesencetomaj",1175.138
576,"Létavértes",7343.219
1212,"Letenye",4412.159
2268,"Letkés",1150.159
1923,"Levél",1843.562
3097,"Levelek",2941.563
3235,"Libickozma",47.98074
305,"Lickóvadamos",221.8757
1760,"Liget",445.718
2820,"Ligetfalva",61.97348
1622,"Lipót",686.5349
2297,"Lippó",567.6266
1003,"Liptód",247.8583
1088,"Lispeszentadorján",328.8023
2502,"Liszó",426.7319
455,"Litér",2126.31
2821,"Litka",65.97134
487,"Litke",902.363
2908,"Lócs",123.938
1885,"Lókút",470.6995
2609,"Lónya",824.4258
914,"Lórév",310.815
3138,"Lothárd",284.833
556,"Lovas",450.7143
1911,"Lovasberény",2800.694
2462,"Lovászhetény",287.8309
2816,"Lovászi",1271.058
508,"Lovászpatona",1306.028
2120,"Lõkösháza",1963.456
3040,"Lõrinci",6055.529
3119,"Lövõ",1469.888
799,"Lövõpetri",526.6577
2019,"Lucfalva",666.5504
277,"Ludányhalászi",1588.785
1579,"Ludas",848.4066
1402,"Lukácsháza",1099.202
1001,"Lulla",219.877
1886,"Lúzsok",253.8542
390,"Mád",2455.012
2335,"Madaras",3202.319
2933,"Madocsa",1987.434
2644,"Maglóca",88.95859
1092,"Maglód",10898.49
681,"Mágocs",2549.925
2998,"Magosliget",282.8344
1662,"Magy",1057.236
2767,"Magyaralmás",1524.841
1042,"Magyaratád",911.3557
2790,"Magyarbánhegyes",2483.986
2517,"Magyarbóly",1021.266
596,"Magyarcsanád",1544.823
1153,"Magyardombegyház",283.8337
2975,"Magyaregregy",798.4465
2537,"Magyaregres",644.5675
891,"Magyarföld",33.98757
2696,"Magyargéc",918.3501
2637,"Magyargencs",572.6228
543,"Magyarhertelend",704.5208
368,"Magyarhomorog",1009.276
1391,"Magyarkeresztúr",470.6995
601,"Magyarkeszi",1338.001
322,"Magyarlak",763.4743
2354,"Magyarlukafa",112.9446
541,"Magyarmecske",355.7832
2728,"Magyarnádalja",225.873
3240,"Magyarnándor",1202.116
2043,"Magyarpolány",1281.049
2706,"Magyarsarlós",332.7995
1728,"Magyarszecsõd",484.6891
2260,"Magyarszék",1113.19
290,"Magyarszentmiklós",276.8385
1306,"Magyarszerdahely",563.6296
2542,"Magyarszombatfa",279.8365
438,"Magyartelek",237.865
1075,"Majosháza",1389.957
2786,"Majs",1095.205
439,"Makád",1269.059
1960,"Makkoshotyka",1002.282
2769,"Maklár",2464.004
735,"Makó",25131.58
361,"Malomsok",571.6236
2739,"Mályi",4374.196
1491,"Mályinka",531.6539
208,"Mánd",263.8474
1782,"Mándok",4622.953
3392,"Mánfa",849.4058
2349,"Mány",2325.13
2992,"Maráza",205.8862
2929,"Marcalgergelyi",441.7209
1850,"Marcali",12228.06
2222,"Marcaltõ",846.4081
945,"Márfa",232.8683
2263,"Máriahalom",683.5372
1228,"Máriakálnok",1684.702
1448,"Máriakéménd",552.638
457,"Márianosztra",902.363
1965,"Máriapócs",2232.215
1654,"Markaz",1836.568
1464,"Márkháza",244.8603
3221,"Márkó",1179.135
1644,"Markóc",75.96588
677,"Markotabödöge",504.6742
210,"Maróc",93.95573
1521,"Marócsa",110.9458
2065,"Márok",496.6802
3198,"Márokföld",49.97972
3322,"Márokpapi",422.7349
1051,"Maroslele",2189.253
2573,"Mártély",1308.026
262,"Martfû",7104.463
222,"Martonfa",215.8797
465,"Martonvásár",5553.033
202,"Martonyi",502.6757
1887,"Mátészalka",17898.82
2780,"Mátételke",578.6182
1996,"Mátraballa",827.4233
1487,"Mátraderecske",2133.304
2007,"Mátramindszent",907.359
1937,"Mátranovák",1929.486
2433,"Mátraszele",1042.249
2904,"Mátraszentimre",540.6471
433,"Mátraszõlõs",1610.766
3352,"Mátraterenye",1991.431
3010,"Mátraverebély",2141.296
1694,"Mátyásdomb",811.4362
1505,"Matty",375.7689
2066,"Mátyus",335.7974
3375,"Máza",1307.027
2116,"Mázaszászvár",
1344,"Mecseknádasd",1680.705
1140,"Mecsekpölöske",454.7114
2735,"Mecsér",619.5868
2076,"Medgyesbodzás",1201.116
3012,"Medgyesegyháza",4021.538
3056,"Medina",844.4097
2176,"Megyaszó",2876.623
3087,"Megyehíd",350.7868
498,"Megyer",59.97453
2576,"Meggyeskovácsi",719.509
2393,"Méhkerék",2215.23
2979,"Méhtelek",817.4313
3049,"Mekényes",311.8143
1601,"Mélykút",5656.929
2713,"Mencshely",274.8399
369,"Mende",4257.31
2561,"Méra",1832.572
773,"Merenye",312.8136
2038,"Mérges",96.954
746,"Mérk",2323.132
2363,"Mernye",1541.826
1480,"Mersevát",615.5899
3187,"Mesterháza",166.9114
1572,"Mesteri",270.8426
3023,"Mesterszállás",782.4592
1175,"Meszes",211.8823
3283,"Meszlen",241.8623
1610,"Mesztegnyõ",1417.933
1962,"Mezõberény",11026.35
1383,"Mezõcsát",6541.038
3085,"Mezõcsokonya",1287.044
347,"Mezõd",143.9258
1755,"Mezõfalva",5089.494
420,"Mezõgyán",1228.094
1187,"Mezõhegyes",5984.601
2628,"Mezõhék",373.7704
1132,"Mezõkeresztes",4229.336
568,"Mezõkomárom",1023.264
3032,"Mezõkovácsháza",6722.853
1943,"Mezõkövesd",17371.41
3265,"Mezõladány",1109.193
2356,"Mezõlak",1071.225
1837,"Mezõnagymihály",1140.167
1174,"Mezõnyárád",1733.659
1281,"Mezõörs",997.2856
3103,"Mezõpeterd",593.6068
1884,"Mezõsas",725.5043
2508,"Mezõszemere",1392.954
657,"Mezõszentgyörgy",1452.903
2903,"Mezõszilas",2366.093
3166,"Mezõtárkány",1749.645
426,"Mezõtúr",18633.99
344,"Mezõzombor",2553.921
2752,"Miháld",848.4066
213,"Mihályfa",400.7509
1322,"Mihálygerge",649.5637
466,"Mihályháza",817.4313
2198,"Mihályi",1166.146
2090,"Mike",701.5231
2446,"Mikebuda",785.4568
2214,"Mikekarácsonyfa",303.8199
2421,"Mikepércs",4092.469
3337,"Miklósi",243.861
3128,"Mikófalva",801.4442
2425,"Mikóháza",553.6373
3059,"Mikosszéplak",364.7768
266,"Milejszeg",340.7939
3175,"Milota",942.3306
2155,"Mindszent",7425.135
1628,"Mindszentgodisa",925.3444
453,"Mindszentkálla",302.8206
475,"Misefa",306.8177
3063,"Miske",1918.496
3045,"Miskolc",172639
281,"Miszla",318.8094
2693,"Mocsa",2344.113
1778,"Mogyoród",5920.665
2825,"Mogyorósbánya",867.3913
1096,"Mogyoróska",81.96254
2571,"Moha",501.6764
2395,"Mohács",19680.81
2791,"Mohora",1001.282
2101,"Molnári",737.4949
329,"Molnaszecsõd",448.7158
2952,"Molvány",222.875
901,"Monaj",293.8268
782,"Monok",1760.635
1055,"Monor",17925.79
3439,"Monorierdõ",4171.393
3156,"Mónosbél",388.7596
2404,"Monostorapáti",1158.152
2589,"Monostorpályi",2243.205
2251,"Monoszló",138.9289
1602,"Monyoród",202.8882
1848,"Mór",14770.29
2070,"Mórágy",808.4385
434,"Mórahalom",5931.654
3409,"Móricgát",512.6682
255,"Mórichida",867.3913
3134,"Mosdós",1023.264
478,"Mosonmagyaróvár",31556.08
3367,"Mosonszentmiklós",2468
2814,"Mosonszolnok",1658.724
2954,"Mozsgó",997.2856
3334,"Mõcsény",373.7704
1362,"Mucsfa",399.7516
702,"Mucsi",514.6667
2154,"Múcsony",3402.13
215,"Muhi",552.638
2521,"Murakeresztúr",1903.509
796,"Murarátka",283.8337
3398,"Muraszemenye",616.5891
1891,"Murga",90.95745
1198,"Murony",1393.953
1921,"Nábrád",974.3045
2759,"Nadap",515.666
671,"Nádasd",1354.986
1390,"Nádasdladány",1823.58
2810,"Nádudvar",9329.153
1590,"Nágocs",628.5799
2355,"Nagyacsád",662.5535
2797,"Nagyalásony",556.6349
471,"Nagyar",725.5043
1794,"Nagyatád",11760.56
236,"Nagybajcs",941.3314
2165,"Nagybajom",3389.142
1276,"Nagybakónak",454.7114
2602,"Nagybánhegyes",1447.907
2595,"Nagybaracska",2476.992
2918,"Nagybarca",979.3004
1639,"Nagybárkány",719.509
2906,"Nagyberény",1413.936
2144,"Nagyberki",1462.894
1477,"Nagybörzsöny",789.4537
398,"Nagybudmér",239.8637
249,"Nagycenk",1808.593
1811,"Nagycsány",170.9089
558,"Nagycsécs",872.3873
2059,"Nagycsepely",386.761
2274,"Nagycserkesz",1895.516
1000,"Nagydém",417.7385
2148,"Nagydobos",2234.213
3389,"Nagydobsza",698.5255
1838,"Nagydorog",2877.622
648,"Nagyecsed",6960.611
2091,"Nagyér",609.5945
2318,"Nagyesztergár",1237.086
2687,"Nagyfüged",1882.527
928,"Nagygeresd",305.8185
521,"Nagygörbõ",201.8889
826,"Nagygyimót",616.5891
1285,"Nagyhajmás",425.7327
2715,"Nagyhalász",5962.623
265,"Nagyharsány",1596.778
947,"Nagyhegyes",2755.735
2697,"Nagyhódos",129.9344
1546,"Nagyhuta",69.96917
2237,"Nagyigmánd",3052.459
2168,"Nagyiván",1257.069
2478,"Nagykálló",10228.2
424,"Nagykamarás",1621.757
3093,"Nagykanizsa",51346.22
2058,"Nagykapornak",921.3477
700,"Nagykarácsony",1489.871
1343,"Nagykáta",12904.33
890,"Nagykereki",1331.007
3428,"Nagykeresztúr",295.8254
2650,"Nagykinizs",372.7711
2718,"Nagykónyi",1227.095
3280,"Nagykorpád",605.5976
999,"Nagykovácsi",6283.299
1094,"Nagykozár",1738.654
2494,"Nagykökényes",613.5914
3292,"Nagykölked",153.9196
1971,"Nagykõrös",24952.79
1557,"Nagykörû",1718.672
2217,"Nagykutas",485.6884
1277,"Nagylak",574.6213
445,"Nagylengyel",548.6411
2110,"Nagylóc",1655.727
3236,"Nagylók",1146.162
3293,"Nagylózs",913.3541
1723,"Nagymágocs",3258.266
1403,"Nagymányok",2482.987
3173,"Nagymaros",4750.828
1506,"Nagymizdó",126.9362
1465,"Nagynyárád",768.4703
2398,"Nagyoroszi",2198.245
2846,"Nagypáli",380.7653
1987,"Nagypall",435.7253
2716,"Nagypeterd",652.5613
2140,"Nagypirit",304.8192
630,"Nagyrábé",2333.123
1651,"Nagyrada",535.6509
2986,"Nagyrákos",296.8247
1497,"Nagyrécse",1045.246
3148,"Nagyréde",3353.176
631,"Nagyrév",724.5051
3318,"Nagyrozvágy",768.4703
2707,"Nagysáp",1617.76
2614,"Nagysimonyi",1012.273
2552,"Nagyszakácsi",496.6802
676,"Nagyszékely",445.718
2798,"Nagyszekeres",584.6136
824,"Nagyszénás",5494.092
3354,"Nagyszentjános",1891.52
1370,"Nagyszokoly",920.3484
2760,"Nagytálya",860.3969
2340,"Nagytarcsa",3400.132
2520,"Nagytevel",570.6243
2483,"Nagytilaj",150.9215
2892,"Nagytótfalu",400.7509
2917,"Nagytõke",473.6973
1041,"Nagyút",779.4616
3378,"Nagyvarsány",1550.818
1419,"Nagyváty",364.7768
1919,"Nagyvázsony",1799.601
1645,"Nagyvejke",184.8999
2358,"Nagyveleg",663.5528
2613,"Nagyvenyim",4194.371
2828,"Nagyvisnyó",1064.231
279,"Nak",623.5837
842,"Napkor",3834.717
1736,"Nárai",1141.167
204,"Narda",525.6584
2016,"Naszály",2402.06
2415,"Négyes",294.8261
2803,"Nekézseny",846.4081
616,"Nemesapáti",551.6388
524,"Nemesbikk",1045.246
2711,"Nemesborzova",100.9517
2450,"Nemesbõd",651.5621
3294,"Nemesbük",651.5621
2332,"Nemescsó",325.8044
791,"Nemesdéd",781.46
565,"Nemesgörzsöny",727.5027
278,"Nemesgulács",1018.268
555,"Nemeshany",434.7261
765,"Nemeshetés",300.8219
1823,"Nemeske",281.8351
2932,"Nemeskér",222.875
367,"Nemeskeresztúr",317.8101
2551,"Nemeskisfalud",105.9488
283,"Nemeskocs",330.8009
2405,"Nemeskolta",384.7624
2624,"Nemesládony",131.9332
3155,"Nemesmedves",26.99077
3254,"Nemesnádudvar",2004.419
3266,"Nemesnép",130.9338
1985,"Nemespátró",314.8122
1802,"Nemesrádó",323.8058
967,"Nemesrempehollós",300.8219
2560,"Nemessándorháza",306.8177
219,"Nemesvámos",2719.769
1756,"Nemesvid",818.4305
2842,"Nemesvita",386.761
2175,"Nemesszalók",999.2841
805,"Nemesszentandrás",296.8247
1040,"Németbánya",89.95802
2541,"Németfalu",193.8941
1500,"Németkér",1818.584
2758,"Nemti",780.4608
3382,"Neszmély",1427.924
979,"Nézsa",1145.163
1084,"Nick",556.6349
1095,"Nikla",743.4901
435,"Nógrád",1557.812
3230,"Nógrádkövesd",739.4933
2983,"Nógrádmarcal",562.6304
1213,"Nógrádmegyer",1757.638
838,"Nógrádsáp",913.3541
1949,"Nógrádsipek",707.5184
2734,"Nógrádszakál",638.5721
2652,"Nóráp",223.8743
1475,"Noszlop",1087.212
1881,"Noszvaj",1766.63
335,"Nova",833.4186
2927,"Novaj",1480.879
2719,"Novajidrány",1456.899
2942,"Nõtincs",1153.157
1975,"Nyalka",451.7136
2900,"Nyárád",980.2996
2303,"Nyáregyháza",3782.767
2305,"Nyárlõrinc",2434.031
2006,"Nyársapát",1886.524
1288,"Nyékládháza",5064.519
1535,"Nyergesújfalu",7747.802
441,"Nyésta",59.97453
320,"Nyim",321.8073
3229,"Nyírábrány",4100.461
1400,"Nyíracsád",4079.482
2400,"Nyirád",1984.437
618,"Nyíradony",8020.52
1484,"Nyírbátor",13127.09
1580,"Nyírbéltek",3035.475
3115,"Nyírbogát",3298.228
2880,"Nyírbogdány",3106.409
790,"Nyírcsaholy",2333.123
2597,"Nyírcsászári",1275.054
504,"Nyírderzs",658.5566
1720,"Nyíregyháza",118436.4
2844,"Nyírgelse",1234.089
923,"Nyírgyulaj",2086.346
2643,"Nyíri",453.7121
1469,"Nyíribrony",1173.14
3147,"Nyírjákó",898.3663
1829,"Nyírkarász",2444.022
3245,"Nyírkáta",1925.489
2592,"Nyírkércs",829.4218
1109,"Nyírlövõ",734.4972
1127,"Nyírlugos",3008.5
1227,"Nyírmada",5034.548
3238,"Nyírmártonfalva",2096.337
2326,"Nyírmeggyes",2765.726
2636,"Nyírmihálydi",2054.375
1080,"Nyírparasznya",995.2873
3314,"Nyírpazony",3390.141
387,"Nyírpilis",876.384
2806,"Nyírtass",2163.277
1355,"Nyírtelek",7148.418
925,"Nyírtét",1139.168
1209,"Nyírtura",1863.544
1652,"Nyírvasvári",2026.399
421,"Nyomár",338.7953
2231,"Nyõgér",345.7903
2632,"Nyugotszenterzsébet",258.8508
1295,"Nyúl",4042.517
1264,"Óbánya",156.9177
3430,"Óbarok",800.4449
2391,"Óbudavár",56.97611
407,"Ócsa",9018.479
378,"Ócsárd",443.7195
1964,"Ófalu",349.7875
2228,"Ófehértó",2655.828
775,"Óföldeák",515.666
2777,"Óhíd",618.5876
1925,"Okány",2814.681
2068,"Okorág",178.9037
834,"Okorvölgy",89.95802
1855,"Olasz",638.5721
1974,"Olaszfa",486.6876
2651,"Olaszfalu",1123.182
3177,"Olaszliszka",1752.642
1112,"Olcsva",735.4964
1083,"Olcsvaapáti",329.8016
2170,"Old",365.7761
2204,"Ólmod",97.95342
2547,"Oltárc",297.824
2255,"Onga",4923.657
2262,"Ónod",2518.954
2792,"Ópályi",3088.426
1279,"Ópusztaszer",2201.242
2083,"Orbányosfa",133.932
2453,"Orci",600.6014
1682,"Ordacsehi",821.4282
1627,"Ordas",475.6958
1709,"Orfalu",59.97453
1173,"Orfû",936.3354
1693,"Orgovány",3426.107
2249,"Ormándlak",121.9392
3406,"Ormosbánya",1860.547
2306,"Orosháza",31000.74
1659,"Oroszi",146.924
3076,"Oroszlány",20024.42
448,"Oroszló",343.7917
2505,"Orosztony",501.6764
495,"Ortaháza",130.9338
1512,"Osli",942.3306
3262,"Ostffyasszonyfa",867.3913
2721,"Ostoros",2689.796
766,"Oszkó",664.552
286,"Oszlár",439.7224
1977,"Osztopán",859.3977
1449,"Ózd",39146.05
1866,"Ózdfalu",193.8941
1895,"Ozmánbük",205.8862
566,"Ozora",1804.596
2811,"Öcs",230.8697
896,"Õcsény",2613.866
2800,"Öcsöd",3717.829
3176,"Ököritófülpös",1933.482
1204,"Ölbõ",774.4656
2655,"Ömböly",491.6839
902,"Õr",1510.853
854,"Õrbottyán",6557.022
867,"Öregcsertõ",979.3004
705,"Öreglak",1640.74
324,"Õrhalom",1171.142
1345,"Õrimagyarósd",247.8583
1063,"Õriszentpéter",1218.102
528,"Örkény",4897.683
2938,"Örményes",1164.147
2743,"Örménykút",476.6951
1401,"Õrtilos",594.606
1009,"Örvényes",174.9063
1931,"Õsagárd",343.7917
2406,"Õsi",2200.243
2545,"Öskü",2309.145
263,"Öttevény",2860.638
3107,"Öttömös",789.4537
3211,"Ötvöskónyi",928.342
1589,"Pácin",1550.818
3174,"Pacsa",1838.566
716,"Pácsony",287.8309
2477,"Padár",144.9252
1867,"Páhi",1262.065
2916,"Páka",1225.096
2427,"Pakod",968.3094
2575,"Pákozd",2926.577
486,"Paks",20037.41
2376,"Palé",113.944
937,"Pálfa",1675.709
1472,"Pálfiszeg",182.9012
1236,"Pálháza",1157.153
1963,"Páli",406.7465
715,"Palkonya",336.7967
3404,"Pálmajor",372.7711
270,"Pálmonostora",1944.473
3432,"Pálosvörösmart",661.5543
1013,"Palotabozsok",1031.258
588,"Palotás",1694.693
1701,"Paloznak",462.7054
1237,"Pamlény",64.97187
2639,"Pamuk",293.8268
2224,"Pánd",2011.413
2310,"Pankasz",473.6973
2430,"Pannonhalma",3534.005
2473,"Pányok",92.95631
2955,"Panyola",635.5745
2774,"Pap",1932.483
3194,"Pápa",32310.19
1986,"Pápadereske",301.8213
1185,"Pápakovácsi",594.606
2160,"Pápasalamon",365.7761
3125,"Pápateszér",1274.055
734,"Papkeszi",1648.733
1406,"Pápoc",349.7875
3257,"Papos",867.3913
701,"Páprád",188.8973
743,"Parád",2082.349
2021,"Parádsasvár",493.6824
2674,"Parasznya",1288.043
961,"Pári",688.5333
3197,"Paszab",1340.998
740,"Pásztó",9827.627
2348,"Pásztori",393.7559
2965,"Pat",232.8683
719,"Patak",944.3289
614,"Patalom",359.7804
1779,"Patapoklosi",412.7422
1216,"Patca",58.97506
2884,"Pátka",1651.73
1559,"Patosfa",273.8406
1218,"Pátroha",3113.402
3388,"Patvarc",743.4901
1502,"Páty",6467.113
2368,"Pátyod",665.5512
2178,"Pázmánd",2034.392
1271,"Pázmándfalu",989.2922
405,"Pécel",14542.54
1498,"Pecöl",810.437
1941,"Pécs",154694.2
2151,"Pécsbagota",123.938
1538,"Pécsdevecser",130.9338
2245,"Pécsely",588.6106
2109,"Pécsudvard",702.5223
1082,"Pécsvárad",4050.51
1611,"Pellérd",2145.293
1956,"Pély",1618.759
1868,"Penc",1427.924
1708,"Penészlek",1038.252
1554,"Pénzesgyõr",354.7839
3269,"Penyige",786.4561
1552,"Pér",2403.059
2818,"Perbál",2096.337
2442,"Pere",388.7596
3268,"Perecse",29.98942
1286,"Pereked",168.9101
1368,"Perenye",702.5223
888,"Peresznye",635.5745
2377,"Pereszteg",1382.963
1935,"Perkáta",4157.406
3341,"Perkupa",930.3403
418,"Perõcsény",375.7689
3242,"Peterd",197.8915
2919,"Péterhida",167.9108
2184,"Péteri",2119.316
1207,"Pétervására",2426.039
3425,"Pétfürdõ",4937.644
570,"Pethõhenye",440.7217
1722,"Petneháza",1914.499
3368,"Petõfibánya",2968.538
1543,"Petõfiszállás",1595.779
2283,"Petõháza",1042.249
1157,"Petõmihályfa",241.8623
1917,"Petrikeresztúr",401.7502
3075,"Petrivente",421.7356
2976,"Pettend",153.9196
1159,"Piliny",655.559
982,"Pilis",11561.78
2960,"Pilisborosjenõ",3509.029
714,"Piliscsaba",7195.371
2187,"Piliscsév",2403.059
3414,"Pilisjászfalu",1437.915
1466,"Pilismarót",2054.375
1434,"Pilisvörösvár",13920.22
529,"Pilisszántó",2418.046
1139,"Pilisszentiván",4335.234
1873,"Pilisszentkereszt",2261.188
845,"Pilisszentlászló",1082.216
1958,"Pincehely",2481.987
624,"Pinkamindszent",176.905
1468,"Pinnye",363.7775
339,"Piricse",1917.496
1539,"Pirtó",1018.268
2350,"Piskó",275.8392
628,"Pitvaros",1577.795
2226,"Pócsa",194.8934
1183,"Pocsaj",2729.76
490,"Pócsmegyer",1696.691
1124,"Pócspetri",1760.635
1724,"Pogány",1186.129
2755,"Pogányszentpéter",528.6561
2105,"Pókaszepetk",969.3086
1379,"Polány",267.8447
2311,"Polgár",8398.128
1752,"Polgárdi",6642.935
637,"Pomáz",16564.3
1721,"Porcsalma",2829.667
2036,"Pornóapáti",397.7531
2219,"Poroszló",3050.461
2989,"Porpác",166.9114
1182,"Porrog",263.8474
1393,"Porrogszentkirály",316.8108
2851,"Porrogszentpál",93.95573
1685,"Pórszombat",339.7946
2351,"Porva",496.6802
1567,"Pósfa",297.824
2836,"Potony",247.8583
2730,"Potyond",106.9482
986,"Pölöske",939.333
3111,"Pölöskefõ",404.748
3357,"Pörböly",582.6152
3251,"Pördefölde",69.96917
2466,"Pötréte",304.8192
2127,"Prügy",2718.77
1142,"Pula",232.8683
1692,"Pusztaapáti",36.98615
1786,"Pusztaberki",139.9283
3137,"Pusztacsalád",283.8337
1031,"Pusztacsó",168.9101
1386,"Pusztadobos",1429.922
2746,"Pusztaederics",184.8999
1704,"Pusztafalu",238.8643
539,"Pusztaföldvár",1935.48
1993,"Pusztahencse",1060.234
1902,"Pusztakovácsi",892.3711
653,"Pusztamagyaród",612.5922
635,"Pusztamérges",1219.101
2897,"Pusztamiske",452.7128
1524,"Pusztamonostor",1674.71
1959,"Pusztaottlaka",408.7451
1541,"Pusztaradvány",226.8723
2901,"Pusztaszabolcs",6413.168
2331,"Pusztaszemes",399.7516
2663,"Pusztaszentlászló",664.552
2859,"Pusztaszer",1539.828
2308,"Pusztavacs",1422.928
1777,"Pusztavám",2584.893
1558,"Pusztazámor",1133.173
2741,"Putnok",7620.933
1296,"Püski",669.5481
2138,"Püspökhatvan",1507.855
1016,"Püspökladány",15864.08
727,"Püspökmolnári",929.3411
430,"Püspökszilágy",752.483
479,"Rábacsanak",556.6349
3370,"Rábacsécsény",621.5853
2673,"Rábagyarmat",826.4242
319,"Rábahídvég",1042.249
1479,"Rábakecöl",806.4401
2533,"Rábapatona",2521.951
2607,"Rábapaty",1709.68
2472,"Rábapordány",1116.188
2013,"Rábasebes",103.9499
1527,"Rábaszentandrás",525.6584
3371,"Rábaszentmihály",537.6494
1729,"Rábaszentmiklós",131.9332
1542,"Rábatamási",1033.256
1799,"Rábatöttös",232.8683
1980,"Rábaújfalu",
375,"Rábcakapi",182.9012
990,"Rácalmás",4368.202
201,"Ráckeresztúr",3344.185
1726,"Ráckeve",9731.729
237,"Rád",1802.598
1151,"Rádfalva",243.861
755,"Rádóckölked",286.8316
2119,"Radostyán",671.5466
605,"Ragály",690.5317
2658,"Rajka",2596.882
2971,"Rakaca",874.3856
1613,"Rakacaszend",422.7349
1473,"Rakamaz",5126.457
3436,"Rákóczibánya",666.5504
1420,"Rákóczifalva",5560.026
1242,"Rákócziújfalu",2079.352
3086,"Ráksi",506.6727
1429,"Ramocsa",40.98421
3185,"Ramocsaháza",1560.809
906,"Rápolt",163.9133
394,"Raposka",268.844
3190,"Rásonysápberencs",605.5976
1246,"Rátka",1010.275
2386,"Rátót",264.8467
2180,"Ravazd",1220.101
960,"Recsk",3006.502
3001,"Réde",1464.892
3159,"Rédics",1002.282
840,"Regéc",105.9488
2529,"Regenye",166.9114
1545,"Regöly",1276.053
2631,"Rém",1411.938
3431,"Remeteszõlõs",619.5868
3188,"Répáshuta",515.666
3088,"Répcelak",2761.73
1443,"Répceszemere",319.8087
2862,"Répceszentgyörgy",114.9434
774,"Répcevis",389.7588
1711,"Resznek",332.7995
3396,"Rétalap",573.6221
2157,"Rétközberencs",1154.156
2382,"Rétság",2952.552
562,"Révfülöp",1229.093
931,"Révleányvár",582.6152
2389,"Rezi",1243.081
1922,"Ricse",1873.535
2584,"Rigács",200.8895
2413,"Rigyác",420.7363
2888,"Rimóc",1866.542
507,"Rinyabesenyõ",203.8875
3267,"Rinyakovácsi",157.9171
2675,"Rinyaszentkirály",439.7224
2062,"Rinyaújlak",291.8282
2032,"Rinyaújnép",58.97506
2458,"Rohod",1315.02
1750,"Románd",330.8009
1219,"Romhány",2327.128
2485,"Romonya",447.7165
451,"Rózsafa",412.7422
1742,"Rozsály",810.437
2765,"Rózsaszentmárton",2051.377
1106,"Röjtökmuzsaj",466.7025
2680,"Rönök",450.7143
1316,"Röszke",3412.12
2302,"Rudabánya",2929.574
3412,"Rudolftelep",770.4688
1059,"Rum",1110.192
396,"Ruzsa",2693.793
1252,"Ságújfalu",1062.232
1494,"Ságvár",1959.459
350,"Sajóbábony",3053.458
2733,"Sajóecseg",1118.186
1017,"Sajógalgóc",396.7538
308,"Sajóhídvég",1122.182
321,"Sajóivánka",597.6037
2167,"Sajókápolna",444.7187
1431,"Sajókaza",3272.253
2694,"Sajókeresztúr",1655.727
2717,"Sajólád",3103.412
2247,"Sajólászlófalva",470.6995
1594,"Sajómercse",258.8508
1133,"Sajónémeti",563.6296
812,"Sajóörös",1238.085
1853,"Sajópálfala",826.4242
1663,"Sajópetri",1579.793
2378,"Sajópüspöki",567.6266
897,"Sajósenye",463.7047
1605,"Sajószentpéter",13468.71
3034,"Sajószöged",2291.161
2073,"Sajóvámos",2250.198
2775,"Sajóvelezd",870.3889
1057,"Sajtoskál",415.74
3079,"Salföld",63.97241
2578,"Salgótarján",40331.63
1888,"Salköveskút",486.6876
2772,"Salomvár",630.5783
472,"Sály",1926.489
1805,"Sámod",214.8803
2457,"Sámsonháza",271.8419
1555,"Sand",438.7231
3170,"Sándorfalva",8254.277
3112,"Sántos",567.6266
2611,"Sáp",1051.241
2500,"Sáránd",2396.066
2051,"Sárazsadány",277.8378
2369,"Sárbogárd",13300.9
272,"Sáregres",772.4672
978,"Sárfimizdó",98.95284
810,"Sárhida",830.421
2690,"Sárisáp",2973.533
2856,"Sarkad",10959.42
2516,"Sarkadkeresztúr",1770.626
3180,"Sárkeresztes",1578.794
2534,"Sárkeresztúr",2592.886
269,"Sárkeszi",591.6083
1490,"Sármellék",1806.595
2086,"Sárok",147.9233
2514,"Sárosd",3486.05
2747,"Sárospatak",13626.54
474,"Sárpilis",685.5356
2394,"Sárrétudvari",3096.418
3002,"Sarród",1034.255
3153,"Sárszentágota",1387.958
2081,"Sárszentlõrinc",1058.235
1177,"Sárszentmihály",3027.483
718,"Sarud",1319.017
2130,"Sárvár",15423.57
3216,"Sásd",3378.153
1377,"Sáska",315.8115
287,"Sáta",1352.988
512,"Sátoraljaújhely",16930.9
3348,"Sátorhely",694.5286
205,"Sávoly",581.616
1027,"Sé",1373.97
2736,"Segesd",2707.78
2538,"Selyeb",499.6779
2874,"Sellye",2999.509
2375,"Semjén",492.6832
3099,"Semjénháza",641.5698
1408,"Sénye",45.98174
449,"Sényõ",1475.883
2020,"Seregélyes",4567.008
3253,"Serényfalva",1075.221
3213,"Sérsekszõlõs",168.9101
860,"Sikátor",331.8002
551,"Siklós",10371.05
2320,"Siklósbodony",149.9221
880,"Siklósnagyfalu",441.7209
2341,"Sima",24.99166
2676,"Simaság",600.6014
3278,"Simonfa",385.7617
2078,"Simontornya",4391.179
2564,"Sióagárd",1336.003
1763,"Siófok",24541.26
2309,"Siójut",612.5922
852,"Sirok",2023.402
3074,"Sitke",688.5333
2420,"Sobor",311.8143
1262,"Sokorópátka",1125.18
2911,"Solt",6980.59
1821,"Soltszentimre",1380.964
1998,"Soltvadkert",7741.808
360,"Sóly",437.7239
738,"Solymár",9950.497
412,"Som",728.502
2347,"Somberek",1634.745
515,"Somlójenõ",324.8051
2577,"Somlószõlõs",711.5153
2656,"Somlóvásárhely",1188.127
1424,"Somlóvecse",106.9482
1382,"Somodor",443.7195
3058,"Somogyacsa",215.8797
2380,"Somogyapáti",552.638
550,"Somogyaracs",226.8723
3121,"Somogyaszaló",759.4775
3247,"Somogybabod",557.6342
2504,"Somogybükkösd",97.95342
1148,"Somogycsicsó",187.8979
1598,"Somogydöröcske",180.9025
2005,"Somogyegres",227.8717
1807,"Somogyfajsz",542.6456
2033,"Somogygeszti",542.6456
2914,"Somogyhárságy",473.6973
2507,"Somogyhatvan",398.7523
2896,"Somogyjád",1631.748
1287,"Somogymeggyes",553.6373
1562,"Somogysámson",796.4481
2872,"Somogysárd",1326.011
2753,"Somogysimonyi",92.95631
660,"Somogyszentpál",802.4434
341,"Somogyszil",833.4186
1854,"Somogyszob",1748.646
3260,"Somogytúr",435.7253
485,"Somogyudvarhely",1163.148
2185,"Somogyvámos",798.4465
1944,"Somogyvár",1866.542
2128,"Somogyviszló",261.8488
483,"Somogyzsitfa",604.5983
152,"Somoskõújfalu",2518.954
2388,"Sonkád",751.4838
3332,"Soponya",1961.457
851,"Sopron",56596.74
2909,"Sopronhorpács",846.4081
2572,"Sopronkövesd",1157.153
261,"Sopronnémeti",278.8372
717,"Sorkifalud",686.5349
2796,"Sorkikápolna",270.8426
656,"Sormás",917.3509
2969,"Sorokpolány",855.4009
1488,"Sóshartyán",950.324
684,"Sóskút",3074.439
1326,"Sóstófalva",285.8323
3171,"Sósvertike",187.8979
2298,"Sótony",652.5613
1908,"Söjtör",1558.811
3347,"Sömjénmihályfa",
2480,"Söpte",813.4346
289,"Söréd",504.6742
1495,"Sukoró",1212.107
254,"Sumony",493.6824
3199,"Súr",1288.043
240,"Surd",615.5899
2124,"Sükösd",4027.532
2171,"Sülysáp",8263.268
2559,"Sümeg",6712.863
2139,"Sümegcsehi",659.5558
538,"Sümegprága",677.5419
868,"Süttõ",2109.325
2870,"Szabadbattyán",4636.939
1325,"Szabadegyháza",2317.138
1874,"Szabadhídvég",905.3606
1485,"Szabadi",327.803
3132,"Szabadkígyós",2800.694
2506,"Szabadszállás",6706.87
1507,"Szabadszentkirály",829.4218
2857,"Szabás",606.5968
1916,"Szabolcs",398.7523
2205,"Szabolcsbáka",1322.014
358,"Szabolcsveresmart",1656.726
2145,"Szada",4148.415
2750,"Szágy",160.9152
847,"Szajk",857.3993
1606,"Szajla",666.5504
587,"Szajol",4024.535
3225,"Szakácsi",166.9114
1531,"Szakadát",288.8303
380,"Szakáld",596.6045
446,"Szakály",1458.897
1008,"Szakcs",982.298
1953,"Szakmár",1360.981
1650,"Szaknyér",63.97241
477,"Szakoly",2982.525
1136,"Szakony",463.7047
2093,"Szakonyfalu",400.7509
3351,"Szákszend",1573.798
1022,"Szalafõ",227.8717
2225,"Szalánta",1248.077
2054,"Szalapa",244.8603
3101,"Szalaszend",1115.188
900,"Szalatnak",386.761
1471,"Szálka",603.5991
1994,"Szalkszentmárton",2996.511
1979,"Szalmatercs",513.6674
1675,"Szalonna",1074.222
1800,"Szamosangyalos",558.6335
2201,"Szamosbecs",376.7682
1630,"Szamoskér",456.7099
1043,"Szamossályi",759.4775
3008,"Szamostatárfalva",324.8051
3127,"Szamosújlak",429.7297
1304,"Szamosszeg",2080.351
1375,"Szanda",672.5458
1179,"Szank",2620.86
3423,"Szántód",589.6099
853,"Szany",2316.138
1648,"Szápár",528.6561
3403,"Szaporca",241.8623
1954,"Szár",1696.691
736,"Szárász",56.97611
1826,"Szárazd",235.8663
1571,"Szárföld",924.3452
3349,"Szárliget",2296.156
2387,"Szarvas",17558.2
1019,"Szarvasgede",448.7158
1772,"Szarvaskend",232.8683
338,"Szarvaskõ",375.7689
577,"Szászberek",1011.274
814,"Szászfa",169.9095
3376,"Szászvár",2570.906
3123,"Szatmárcseke",1545.823
1532,"Szátok",554.6365
244,"Szatta",84.96085
1200,"Szatymaz",4625.95
3106,"Szava",358.7811
1731,"Százhalombatta",18275.39
301,"Szebény",472.698
2304,"Szécsénke",227.8717
662,"Szécsény",6281.301
3301,"Szécsényfelfalu",472.698
1155,"Szécsisziget",242.8616
560,"Szederkény",1859.548
1681,"Szedres",2393.069
3336,"Szeged",164412.1
1860,"Szegerdõ",234.867
2188,"Szeghalom",9818.637
3381,"Szegi",352.7853
3151,"Szegilong",259.8501
3248,"Szegvár",4942.639
3108,"Székely",1086.212
1677,"Székelyszabar",680.5396
1482,"Székesfehérvár",101833.2
1226,"Székkutas",2429.036
2276,"Szekszárd",34917.11
3317,"Szeleste",716.5114
2042,"Szelevény",1164.147
1698,"Szellõ",159.9158
930,"Szemely",488.6861
2799,"Szemenye",341.7932
2925,"Szemenyecsörnye",
983,"Szemere",392.7567
450,"Szendehely",1530.835
807,"Szendrõ",4291.276
2745,"Szendrõlád",1870.538
1510,"Szenna",731.4996
1150,"Szenta",460.7069
356,"Szentantalfa",445.718
2570,"Szentbalázs",352.7853
709,"Szentbékkálla",232.8683
3284,"Szentborbás",142.9264
3200,"Szentdénes",342.7924
1323,"Szentdomonkos",512.6682
904,"Szente",356.7825
3361,"Szentegát",425.7327
1544,"Szentendre",25400.27
1445,"Szentes",30059.84
792,"Szentgál",2909.593
1297,"Szentgáloskér",589.6099
3158,"Szentgotthárd",8889.614
2312,"Szentgyörgyvár",339.7946
1865,"Szentgyörgyvölgy",466.7025
1006,"Szentimrefalva",230.8697
2216,"Szentistván",2632.849
848,"Szentistvánbaksa",283.8337
1154,"Szentjakabfa",111.9452
980,"Szentkatalin",125.9368
2112,"Szentkirály",1972.448
1626,"Szentkirályszabadja",2120.315
312,"Szentkozmadombja",73.96699
1635,"Szentlászló",847.4073
861,"Szentliszló",330.8009
1586,"Szentlõrinc",7047.522
754,"Szentlõrinckáta",1967.452
1422,"Szentmargitfalva",103.9499
2865,"Szentmártonkáta",5054.528
2125,"Szentpéterfa",1046.245
3006,"Szentpéterfölde",160.9152
1909,"Szentpéterszeg",1193.123
1116,"Szentpéterúr",1072.224
3014,"Szenyér",334.7981
770,"Szepetnek",1681.704
388,"Szerecseny",848.4066
2882,"Szeremle",1609.767
3073,"Szerencs",9959.487
3343,"Szerep",1694.693
2779,"Szergény",373.7704
2625,"Szigetbecse",1383.962
787,"Szigetcsép",2397.065
1327,"Szigethalom",16384.5
2621,"Szigetmonostor",2232.215
1518,"Szigetszentmárton",2141.296
2895,"Szigetszentmiklós",31495.15
2211,"Szigetújfalu",2178.263
2657,"Szigetvár",11100.27
2489,"Szigliget",977.3021
1101,"Szihalom",2130.306
2616,"Szijártóháza",32.98804
2135,"Szikszó",6052.532
1926,"Szil",1395.951
1983,"Szilágy",302.8206
795,"Szilaspogony",345.7903
336,"Szilsárkány",700.5239
1785,"Szilvágy",218.8777
2471,"Szilvás",163.9133
564,"Szilvásvárad",1720.67
3246,"Szilvásszentmárton",210.8829
2087,"Szin",795.4489
1149,"Szinpetri",269.8433
2163,"Szirák",1164.147
949,"Szirmabesenyõ",4600.975
2491,"Szob",2843.654
694,"Szokolya",1766.63
1519,"Szólád",615.5899
2785,"Szolnok",75527.98
300,"Szombathely",79254.24
2261,"Szomód",2094.339
1889,"Szomolya",1686.7
2142,"Szomor",1119.185
3438,"Szorgalmatos",966.311
519,"Szorosad",112.9446
1669,"Szõc",424.7334
1952,"Szõce",390.7581
1269,"Szõd",3362.168
2886,"Szõdliget",4416.155
1617,"Szögliget",742.4909
2221,"Szõke",148.9227
769,"Szõkéd",428.7305
581,"Szõkedencs",321.8073
788,"Szõlõsardó",148.9227
1110,"Szõlõsgyörök",1232.09
552,"Szörény",74.96643
1352,"Szúcs",472.698
2819,"Szuha",655.559
316,"Szuhafõ",179.9031
1111,"Szuhakálló",1108.194
2460,"Szuhogy",1233.09
1540,"Szulimán",265.846
1098,"Szulok",676.5427
1904,"Szurdokpüspöki",2012.412
998,"Szûcsi",1654.728
1878,"Szügy",1571.8
1121,"Szûr",308.8164
859,"Tab",4870.709
1446,"Tabajd",1013.273
2543,"Tabdi",1199.118
833,"Táborfalva",3538.001
2926,"Tác",1697.69
1703,"Tagyon",96.954
3196,"Tahitótfalu",5324.261
1312,"Takácsi",956.3192
2991,"Tákos",369.7732
3072,"Taksony",6350.231
370,"Taktabáj",625.5822
1824,"Taktaharkány",4005.553
2878,"Taktakenéz",1289.042
313,"Taktaszada",2127.309
1732,"Taliándörögd",708.5176
1221,"Tállya",2132.304
2456,"Tamási",8754.756
1621,"Tanakajd",773.4664
1426,"Táp",738.4941
1501,"Tápióbicske",3637.906
1730,"Tápiógyörgye",3810.74
940,"Tápióság",2777.715
3179,"Tápiószecsõ",6354.228
1414,"Tápiószele",6340.242
1457,"Tápiószentmárton",5640.945
276,"Tápiószõlõs",3170.349
3204,"Táplánszentkereszt",2520.952
2943,"Tapolca",17198.6
2461,"Tapsony",834.4178
2197,"Tápszentmiklós",931.3395
3289,"Tar",1993.429
1673,"Tarany",1267.061
2174,"Tarcal",3177.342
816,"Tard",1402.945
1478,"Tardona",1143.165
3022,"Tardos",1654.728
3307,"Tarhos",934.3371
1893,"Tarján",2650.832
3391,"Tarjánpuszta",400.7509
2098,"Tárkány",1607.769
3296,"Tarnabod",817.4313
1324,"Tarnalelesz",1859.548
2334,"Tarnaméra",1750.644
1412,"Tarnaörs",1859.548
905,"Tarnaszentmária",269.8433
1616,"Tarnaszentmiklós",950.324
1716,"Tarnazsadány",1320.016
415,"Tárnok",8769.74
417,"Tárnokréti",213.881
431,"Tarpa",2290.162
1563,"Tarrós",120.9398
1369,"Táska",442.7202
2052,"Tass",3074.439
493,"Taszár",2089.343
875,"Tát",5630.955
2012,"Tata",23919.98
1815,"Tatabánya",71462.13
1454,"Tataháza",1360.981
2738,"Tatárszentgyörgy",1947.47
2499,"Tázlár",1795.604
2321,"Téglás",6547.032
2770,"Tékes",293.8268
3207,"Teklafalu",388.7596
2956,"Telekes",544.644
1268,"Telekgerendás",1673.711
2396,"Teleki",236.8657
828,"Telki",3134.382
1376,"Telkibánya",684.5364
690,"Tengelic",2517.954
1367,"Tengeri",72.96753
3241,"Tengõd",521.6614
1407,"Tenk",1245.079
1145,"Tényõ",1539.828
3104,"Tépe",1149.16
3335,"Terem",698.5255
484,"Terény",432.7275
2417,"Tereske",715.5121
2863,"Teresztenye",32.98804
1222,"Terpes",219.877
2057,"Tés",913.3541
1924,"Tésa",98.95284
3274,"Tésenfa",218.8777
2097,"Téseny",353.7846
882,"Teskánd",1116.188
1903,"Tét",4070.49
1969,"Tetétlen",1441.912
3145,"Tevel",1545.823
3044,"Tibolddaróc",1539.828
895,"Tiborszállás",1104.197
3046,"Tihany",1387.958
1784,"Tikos",137.9295
2795,"Tilaj",197.8915
2447,"Timár",1463.893
710,"Tinnye",1516.848
942,"Tiszaadony",698.5255
2454,"Tiszaalpár",5194.39
229,"Tiszabábolna",432.7275
1781,"Tiszabecs",1120.184
385,"Tiszabercel",1987.434
2017,"Tiszabezdéd",2089.343
1077,"Tiszabõ",2157.282
2277,"Tiszabura",2924.579
2444,"Tiszacsécse",266.8454
1564,"Tiszacsege",5007.575
2913,"Tiszacsermely",703.5215
643,"Tiszadada",2471.997
1623,"Tiszaderzs",1292.04
1259,"Tiszadob",3059.453
371,"Tiszadorogma",456.7099
911,"Tiszaeszlár",2826.67
1381,"Tiszaföldvár",11932.38
2972,"Tiszafüred",12428.84
3030,"Tiszagyenda",1114.189
3084,"Tiszagyulaháza",796.4481
2869,"Tiszaigar",883.3784
2044,"Tiszainoka",441.7209
2934,"Tiszajenõ",1639.741
855,"Tiszakanyár",1739.653
1397,"Tiszakarád",2576.9
3062,"Tiszakécske",11765.56
444,"Tiszakerecseny",986.2947
1388,"Tiszakeszi",2735.754
879,"Tiszakóród",848.4066
3038,"Tiszakürt",1592.782
1938,"Tiszaladány",706.5192
2352,"Tiszalök",5891.694
2839,"Tiszalúc",5562.024
1190,"Tiszamogyorós",759.4775
2725,"Tiszanagyfalu",1941.475
708,"Tiszanána",2608.871
1578,"Tiszaörs",1415.934
863,"Tiszapalkonya",1533.833
337,"Tiszapüspöki",2198.245
1020,"Tiszarád",607.596
2018,"Tiszaroff",1878.531
2149,"Tiszasas",1141.167
1769,"Tiszasüly",1662.721
1354,"Tiszaszalka",968.3094
2278,"Tiszaszentimre",2331.125
2754,"Tiszaszentmárton",1285.046
1696,"Tiszasziget",1771.625
785,"Tiszaszõlõs",1685.701
3029,"Tiszatardos",264.8467
3037,"Tiszatarján",1408.94
1444,"Tiszatelek",1576.796
962,"Tiszatenyõ",1863.544
1409,"Tiszaug",994.2881
2835,"Tiszaújváros",18020.68
1097,"Tiszavalk",357.7818
3186,"Tiszavárkony",1621.757
759,"Tiszavasvári",13705.46
3374,"Tiszavid",520.6622
2726,"Tisztaberek",680.5396
2026,"Tivadar",220.8763
2146,"Tóalmás",3410.122
996,"Tófalu",641.5698
534,"Tófej",719.509
404,"Tófû",143.9258
1830,"Tokaj",4250.316
1415,"Tokod",4399.171
3402,"Tokodaltáró",3174.345
922,"Tokorcs",337.796
2805,"Tolcsva",1966.453
2587,"Told",365.7761
638,"Tolmács",763.4743
2527,"Tolna",11939.37
1103,"Tolnanémedi",1165.147
955,"Tomajmonostora",774.4656
1489,"Tomor",261.8488
2848,"Tompa",4761.817
1233,"Tompaládony",331.8002
2100,"Tordas",1842.563
496,"Tormafölde",409.7443
2242,"Tormás",344.791
3408,"Tormásliget",340.7939
1690,"Tornabarakony",21.99295
1037,"Tornakápolna",24.99166
1880,"Tornanádaska",625.5822
2783,"Tornaszentandrás",259.8501
3051,"Tornaszentjakab",245.8596
3263,"Tornyiszentmiklós",663.5528
2905,"Tornyosnémeti",571.6236
1695,"Tornyospálca",2725.763
2987,"Torony",1825.578
1015,"Torvaj",315.8115
749,"Tószeg",4694.882
1643,"Tótkomlós",6521.059
2699,"Tótszentgyörgy",179.9031
1638,"Tótszentmárton",917.3509
2511,"Tótszerdahely",1199.118
1640,"Tótújfalu",245.8596
271,"Tótvázsony",1259.068
2452,"Tök",1425.926
2982,"Tököl",9891.56
1667,"Töltéstava",2140.297
516,"Tömörd",283.8337
2590,"Tömörkény",1873.535
685,"Törökbálint",12885.35
2009,"Törökkoppány",473.6973
2731,"Törökszentmiklós",22745.33
2200,"Törtel",4406.165
413,"Töttös",590.6091
491,"Trizs",259.8501
1321,"Tunyogmatolcs",2667.817
959,"Tura",8043.496
1360,"Túristvándi",754.4814
2822,"Túrkeve",9755.703
1858,"Túrony",268.844
899,"Túrricse",693.5294
991,"Tuzsér",3466.069
1260,"Türje",1809.592
463,"Tüskevár",597.6037
3139,"Tyukod",2137.3
443,"Udvar",173.907
2136,"Udvari",497.6794
2476,"Ugod",1452.903
1748,"Újbarok",398.7523
1248,"Újcsanálos",930.3403
3365,"Újdombrád",725.5043
2661,"Újfehértó",13658.51
629,"Újhartyán",2770.722
2339,"Újiráz",656.5582
2056,"Újireg",321.8073
1011,"Újkenéz",1072.224
1967,"Újkér",1019.268
235,"Újkígyós",5658.927
1968,"Újlengyel",1736.656
2041,"Újléta",1088.211
2762,"Újlõrincfalva",264.8467
606,"Újpetre",1115.188
3183,"Újrónafõ",849.4058
878,"Újsolt",174.9063
2435,"Újszalonta",126.9362
1529,"Újszász",6681.895
1492,"Újszentiván",1649.732
3256,"Újszentmargita",1570.801
1780,"Újszilvás",2758.733
3360,"Újtelek",450.7143
1192,"Újtikos",982.298
3219,"Újudvar",1039.251
720,"Újvárfalva",336.7967
2301,"Ukk",340.7939
2079,"Und",367.7746
2763,"Úny",688.5333
1835,"Uppony",363.7775
2898,"Ura",699.5247
2153,"Uraiújfalu",899.3655
1762,"Úrhida",2110.324
2864,"Úri",2635.846
2085,"Úrkút",2178.263
3182,"Uszka",375.7689
1629,"Uszód",1096.204
3421,"Uzsa",368.7739
2141,"Üllés",3236.287
1289,"Üllõ",10644.76
1193,"Üröm",6639.938
2493,"Vác",34447.66
591,"Vácduka",1176.137
3033,"Vácegres",862.3953
1988,"Váchartyán",1808.593
569,"Váckisújfalu",473.6973
1766,"Vácrátót",1792.607
910,"Vácszentlászló",2030.396
722,"Vadna",628.5799
623,"Vadosfa",82.96198
223,"Vág",576.6198
2915,"Vágáshuta",97.95342
1859,"Vaja",3741.806
3000,"Vajdácska",1351.989
2853,"Vajszló",1945.472
245,"Vajta",940.3322
582,"Vál",2478.99
1759,"Valkó",2428.037
2626,"Valkonya",69.96917
693,"Vállaj",1024.264
1068,"Vállus",142.9264
2732,"Vámosatya",596.6045
3105,"Vámoscsalád",362.7782
1458,"Vámosgyörk",2006.417
1073,"Vámosmikola",1645.736
893,"Vámosoroszi",559.6327
898,"Vámospércs",5577.009
1514,"Vámosújfalu",858.3985
1240,"Vámosszabadi",1458.897
1676,"Váncsod",1246.079
3091,"Vanyarc",1343.996
2177,"Vanyola",606.5968
813,"Várad",117.9416
3285,"Váralja",950.324
927,"Varászló",156.9177
2701,"Váraszó",570.6243
1841,"Várbalog",444.7187
2181,"Varbó",1181.133
1014,"Varbóc",65.97134
2678,"Várda",517.6644
941,"Várdomb",1275.054
252,"Várfölde",224.8737
2852,"Varga",117.9416
1725,"Várgesztes",588.6106
2620,"Várkeszõ",194.8934
2912,"Várong",181.9018
1066,"Városföld",2236.211
706,"Városlõd",1416.933
1143,"Várpalota",21647.58
663,"Varsád",437.7239
2949,"Varsány",1744.649
2022,"Varsánygyüre",
1418,"Várvölgy",1084.214
2258,"Vasad",1773.624
288,"Vasalja",355.7832
2495,"Vásárosbéc",194.8934
226,"Vásárosdombó",1181.133
1788,"Vásárosfalu",173.907
919,"Vásárosmiske",368.7739
1832,"Vásárosnamény",9080.414
2039,"Vasasszonyfa",378.7668
1030,"Vasboldogasszony",597.6037
1533,"Vasegerszeg",414.7407
2034,"Vashosszúfalu",419.737
3070,"Vaskeresztes",356.7825
2834,"Vaskút",3638.905
2710,"Vasmegyer",1710.679
1432,"Vaspör",391.7574
2598,"Vassurány",868.3904
469,"Vasvár",4618.957
2664,"Vaszar",1661.722
1665,"Vászoly",247.8583
2937,"Vasszécseny",1446.908
1163,"Vasszentmihály",375.7689
1210,"Vasszilvágy",418.7378
224,"Vát",712.5145
3007,"Vatta",973.3053
707,"Vázsnok",139.9283
575,"Vécs",719.509
2681,"Vecsés",19818.66
3122,"Végegyháza",1568.803
1851,"Vejti",183.9005
2440,"Vékény",160.9152
1113,"Vekerd",149.9221
2600,"Velem",346.7896
1843,"Velemér",76.96533
2501,"Velence",5266.318
2207,"Velény",172.9076
2027,"Véménd",1580.792
501,"Vének",180.9025
2642,"Vép",3558.981
349,"Vereb",823.4266
1834,"Veresegyház",14742.32
3372,"Verõce",3310.217
2414,"Verpelét",4063.497
2248,"Verseg",1439.914
1972,"Versend",951.3232
275,"Vértesacsa",1789.61
1389,"Vértesboglár",971.3069
3258,"Vérteskethely",597.6037
1528,"Vértessomló",1395.951
2962,"Vértestolna",522.6606
3126,"Vértesszõlõs",2993.514
818,"Vése",791.4521
458,"Veszkény",933.3379
1176,"Veszprém",58472.41
2143,"Veszprémfajsz",261.8488
1933,"Veszprémgalsa",316.8108
2269,"Veszprémvarsány",1052.24
2953,"Vésztõ",7821.726
2115,"Vezseny",724.5051
950,"Vid",161.9146
973,"Vigántpetend",236.8657
2802,"Villány",2585.892
520,"Villánykövesd",309.8157
1158,"Vilmány",1470.887
1570,"Vilonya",650.5629
1298,"Vilyvitány",293.8268
2465,"Vinár",269.8433
3214,"Vindornyafok",150.9215
654,"Vindornyalak",98.95284
1180,"Vindornyaszõlõs",369.7732
2841,"Visegrád",1759.636
1901,"Visnye",232.8683
3124,"Visonta",1104.197
509,"Viss",766.4719
687,"Visz",211.8823
794,"Viszák",273.8406
395,"Viszló",82.96198
351,"Visznek",1206.112
2579,"Vitnyéd",1301.032
2978,"Vízvár",641.5698
1032,"Vizslás",1437.915
2108,"Vizsoly",995.2873
589,"Vokány",957.3184
1291,"Vonyarcvashegy",2183.259
836,"Vöckönd",89.95802
1631,"Völcsej",385.7617
314,"Vönöck",801.4442
1170,"Vöröstó",89.95802
964,"Vörs",477.6943
2166,"Zabar",562.6304
1774,"Zádor",375.7689
306,"Zádorfalva",482.6906
1483,"Zagyvarékas",3854.698
2172,"Zagyvaszántó",2033.393
1620,"Záhony",4535.039
2459,"Zajk",248.8576
627,"Zajta",400.7509
1462,"Zákány",1239.085
3440,"Zákányfalu",592.6075
554,"Zákányszék",2846.651
1146,"Zala",253.8542
1740,"Zalaapáti",1654.728
757,"Zalabaksa",670.5473
2428,"Zalabér",719.509
2849,"Zalaboldogfa",372.7711
400,"Zalacsány",1023.264
248,"Zalacséb",576.6198
3205,"Zalaegerszeg",60041.46
2999,"Zalaerdõd",322.8065
2720,"Zalagyömörõ",480.6921
1265,"Zalahaláp",1261.066
2383,"Zalaháshágy",380.7653
1689,"Zalaigrice",127.9356
1249,"Zalaistvánd",377.7675
1178,"Zalakaros",2103.331
1034,"Zalakomár",3142.375
1876,"Zalaköveskút",31.9885
3031,"Zalalövõ",3113.402
3303,"Zalameggyes",54.97715
3161,"Zalamerenye",185.8992
297,"Zalasárszeg",117.9416
2294,"Zalaszabar",623.5837
3328,"Zalaszántó",982.298
2359,"Zalaszegvár",157.9171
1856,"Zalaszentbalázs",861.3961
3252,"Zalaszentgrót",7561.994
3313,"Zalaszentgyörgy",435.7253
260,"Zalaszentiván",1081.216
1809,"Zalaszentjakab",394.7552
723,"Zalaszentlászló",837.4153
1330,"Zalaszentlõrinc",304.8192
1309,"Zalaszentmárton",82.96198
1844,"Zalaszentmihály",1068.227
2756,"Zalaszombatfa",52.97819
2512,"Zaláta",281.8351
2968,"Zalatárnok",715.5121
938,"Zalaújlak",114.9434
1373,"Zalavár",972.3061
1705,"Zalavég",433.7268
1561,"Zalkod",281.8351
600,"Zamárdi",2635.846
3024,"Zámoly",2364.095
2082,"Zánka",955.32
2344,"Zaránk",467.7018
1430,"Závod",330.8009
372,"Zebecke",95.95458
1496,"Zebegény",1280.05
3160,"Zemplénagárd",866.3921
1584,"Zengõvárkony",422.7349
3426,"Zichyújfalu",964.3126
3305,"Zics",403.7487
1927,"Ziliz",401.7502
2761,"Zimány",631.5776
2649,"Zirc",7152.415
1220,"Zók",306.8177
2162,"Zomba",2301.152
1910,"Zubogy",611.593
625,"Zsadány",1776.621
481,"Zsáka",1737.655
2503,"Zsámbék",5120.463
2203,"Zsámbok",2498.972
1515,"Zsana",848.4066
2875,"Zsarolyán",432.7275
1686,"Zsebeháza",139.9283
2164,"Zsédeny",210.8829
2684,"Zselickisfalud",277.8378
2411,"Zselickislak",328.8023
1749,"Zselicszentpál",421.7356
1229,"Zsennye",99.95226
462,"Zsira",797.4473
1776,"Zsombó",3475.061
1102,"Zsujta",188.8973
1303,"Zsurk",770.4688
